array,barcode
1x1,AACCTGCGATAAGGAG-1
1x2,AACCTGCGCGAACGCC-1
1x3,AACCTGCGGGCTGAGC-1
1x4,AACCTGCGCCGATTCC-1
1x5,AACCTGCGACCGCCAA-1
1x6,AACCTGCGCCAGTTCC-1
1x7,AACCTGCGACTTAACC-1
1x8,AACCTGCGCAACCGCT-1
1x9,AACCTGCGGACCTTGA-1
1x10,AACCTGCGTAGAGTAA-1
1x11,AACCTGCGGCAGGTCC-1
1x12,AACCTGCGTCGGCCTT-1
1x13,AACCTGCGAGAACGTC-1
1x14,AACCTGCGCTTGCGCC-1
1x15,AACCTGCGGGTACTGC-1
1x16,AACCTGCGTAGAATTA-1
1x17,AACCTGCGGCCATTCT-1
1x18,AACCTGCGTTGACTTC-1
1x19,AACCTGCGAGAGCTAT-1
1x20,AACCTGCGCTAAGAGA-1
1x21,AACCTGCGACTCAATA-1
1x22,AACCTGCGTCCTACCA-1
1x23,AACCTGCGGCGTTGGA-1
1x24,AACCTGCGGATCTTAC-1
1x25,AACCTGCGCTGATGGT-1
1x26,AACCTGCGCCGAGAAT-1
1x27,AACCTGCGGCCGCAAC-1
1x28,AACCTGCGTGAGTCTG-1
1x29,AACCTGCGTGCGGACC-1
1x30,AACCTGCGACGGAGGC-1
1x31,AACCTGCGTAGATCTA-1
1x32,AACCTGCGAATTAAGA-1
1x33,AACCTGCGTTATTCAT-1
1x34,AACCTGCGTGCCGGCA-1
1x35,AACCTGCGTTACCGAG-1
1x36,AACCTGCGATCATATT-1
1x37,AACCTGCGTGGTCAGC-1
1x38,AACCTGCGACTATGCA-1
1x39,AACCTGCGCGACGCGA-1
1x40,AACCTGCGGATACGGA-1
1x41,AACCTGCGTTATCCGG-1
1x42,AACCTGCGTCTGATAC-1
1x43,AACCTGCGGAAGATCG-1
1x44,AACCTGCGAAGAAGCT-1
1x45,AACCTGCGTCCGGCCT-1
1x46,AACCTGCGAGAGAAGG-1
1x47,AACCTGCGCATACTCC-1
1x48,AACCTGCGGCTAACTT-1
1x49,AACCTGCGGGTATGCT-1
1x50,AACCTGCGAACCTGCG-1
2x1,GGTATGCTATAAGGAG-1
2x2,GGTATGCTCGAACGCC-1
2x3,GGTATGCTGGCTGAGC-1
2x4,GGTATGCTCCGATTCC-1
2x5,GGTATGCTACCGCCAA-1
2x6,GGTATGCTCCAGTTCC-1
2x7,GGTATGCTACTTAACC-1
2x8,GGTATGCTCAACCGCT-1
2x9,GGTATGCTGACCTTGA-1
2x10,GGTATGCTTAGAGTAA-1
2x11,GGTATGCTGCAGGTCC-1
2x12,GGTATGCTTCGGCCTT-1
2x13,GGTATGCTAGAACGTC-1
2x14,GGTATGCTCTTGCGCC-1
2x15,GGTATGCTGGTACTGC-1
2x16,GGTATGCTTAGAATTA-1
2x17,GGTATGCTGCCATTCT-1
2x18,GGTATGCTTTGACTTC-1
2x19,GGTATGCTAGAGCTAT-1
2x20,GGTATGCTCTAAGAGA-1
2x21,GGTATGCTACTCAATA-1
2x22,GGTATGCTTCCTACCA-1
2x23,GGTATGCTGCGTTGGA-1
2x24,GGTATGCTGATCTTAC-1
2x25,GGTATGCTCTGATGGT-1
2x26,GGTATGCTCCGAGAAT-1
2x27,GGTATGCTGCCGCAAC-1
2x28,GGTATGCTTGAGTCTG-1
2x29,GGTATGCTTGCGGACC-1
2x30,GGTATGCTACGGAGGC-1
2x31,GGTATGCTTAGATCTA-1
2x32,GGTATGCTAATTAAGA-1
2x33,GGTATGCTTTATTCAT-1
2x34,GGTATGCTTGCCGGCA-1
2x35,GGTATGCTTTACCGAG-1
2x36,GGTATGCTATCATATT-1
2x37,GGTATGCTTGGTCAGC-1
2x38,GGTATGCTACTATGCA-1
2x39,GGTATGCTCGACGCGA-1
2x40,GGTATGCTGATACGGA-1
2x41,GGTATGCTTTATCCGG-1
2x42,GGTATGCTTCTGATAC-1
2x43,GGTATGCTGAAGATCG-1
2x44,GGTATGCTAAGAAGCT-1
2x45,GGTATGCTTCCGGCCT-1
2x46,GGTATGCTAGAGAAGG-1
2x47,GGTATGCTCATACTCC-1
2x48,GGTATGCTGCTAACTT-1
2x49,GGTATGCTGGTATGCT-1
2x50,GGTATGCTAACCTGCG-1
3x1,GCTAACTTATAAGGAG-1
3x2,GCTAACTTCGAACGCC-1
3x3,GCTAACTTGGCTGAGC-1
3x4,GCTAACTTCCGATTCC-1
3x5,GCTAACTTACCGCCAA-1
3x6,GCTAACTTCCAGTTCC-1
3x7,GCTAACTTACTTAACC-1
3x8,GCTAACTTCAACCGCT-1
3x9,GCTAACTTGACCTTGA-1
3x10,GCTAACTTTAGAGTAA-1
3x11,GCTAACTTGCAGGTCC-1
3x12,GCTAACTTTCGGCCTT-1
3x13,GCTAACTTAGAACGTC-1
3x14,GCTAACTTCTTGCGCC-1
3x15,GCTAACTTGGTACTGC-1
3x16,GCTAACTTTAGAATTA-1
3x17,GCTAACTTGCCATTCT-1
3x18,GCTAACTTTTGACTTC-1
3x19,GCTAACTTAGAGCTAT-1
3x20,GCTAACTTCTAAGAGA-1
3x21,GCTAACTTACTCAATA-1
3x22,GCTAACTTTCCTACCA-1
3x23,GCTAACTTGCGTTGGA-1
3x24,GCTAACTTGATCTTAC-1
3x25,GCTAACTTCTGATGGT-1
3x26,GCTAACTTCCGAGAAT-1
3x27,GCTAACTTGCCGCAAC-1
3x28,GCTAACTTTGAGTCTG-1
3x29,GCTAACTTTGCGGACC-1
3x30,GCTAACTTACGGAGGC-1
3x31,GCTAACTTTAGATCTA-1
3x32,GCTAACTTAATTAAGA-1
3x33,GCTAACTTTTATTCAT-1
3x34,GCTAACTTTGCCGGCA-1
3x35,GCTAACTTTTACCGAG-1
3x36,GCTAACTTATCATATT-1
3x37,GCTAACTTTGGTCAGC-1
3x38,GCTAACTTACTATGCA-1
3x39,GCTAACTTCGACGCGA-1
3x40,GCTAACTTGATACGGA-1
3x41,GCTAACTTTTATCCGG-1
3x42,GCTAACTTTCTGATAC-1
3x43,GCTAACTTGAAGATCG-1
3x44,GCTAACTTAAGAAGCT-1
3x45,GCTAACTTTCCGGCCT-1
3x46,GCTAACTTAGAGAAGG-1
3x47,GCTAACTTCATACTCC-1
3x48,GCTAACTTGCTAACTT-1
3x49,GCTAACTTGGTATGCT-1
3x50,GCTAACTTAACCTGCG-1
4x1,CATACTCCATAAGGAG-1
4x2,CATACTCCCGAACGCC-1
4x3,CATACTCCGGCTGAGC-1
4x4,CATACTCCCCGATTCC-1
4x5,CATACTCCACCGCCAA-1
4x6,CATACTCCCCAGTTCC-1
4x7,CATACTCCACTTAACC-1
4x8,CATACTCCCAACCGCT-1
4x9,CATACTCCGACCTTGA-1
4x10,CATACTCCTAGAGTAA-1
4x11,CATACTCCGCAGGTCC-1
4x12,CATACTCCTCGGCCTT-1
4x13,CATACTCCAGAACGTC-1
4x14,CATACTCCCTTGCGCC-1
4x15,CATACTCCGGTACTGC-1
4x16,CATACTCCTAGAATTA-1
4x17,CATACTCCGCCATTCT-1
4x18,CATACTCCTTGACTTC-1
4x19,CATACTCCAGAGCTAT-1
4x20,CATACTCCCTAAGAGA-1
4x21,CATACTCCACTCAATA-1
4x22,CATACTCCTCCTACCA-1
4x23,CATACTCCGCGTTGGA-1
4x24,CATACTCCGATCTTAC-1
4x25,CATACTCCCTGATGGT-1
4x26,CATACTCCCCGAGAAT-1
4x27,CATACTCCGCCGCAAC-1
4x28,CATACTCCTGAGTCTG-1
4x29,CATACTCCTGCGGACC-1
4x30,CATACTCCACGGAGGC-1
4x31,CATACTCCTAGATCTA-1
4x32,CATACTCCAATTAAGA-1
4x33,CATACTCCTTATTCAT-1
4x34,CATACTCCTGCCGGCA-1
4x35,CATACTCCTTACCGAG-1
4x36,CATACTCCATCATATT-1
4x37,CATACTCCTGGTCAGC-1
4x38,CATACTCCACTATGCA-1
4x39,CATACTCCCGACGCGA-1
4x40,CATACTCCGATACGGA-1
4x41,CATACTCCTTATCCGG-1
4x42,CATACTCCTCTGATAC-1
4x43,CATACTCCGAAGATCG-1
4x44,CATACTCCAAGAAGCT-1
4x45,CATACTCCTCCGGCCT-1
4x46,CATACTCCAGAGAAGG-1
4x47,CATACTCCCATACTCC-1
4x48,CATACTCCGCTAACTT-1
4x49,CATACTCCGGTATGCT-1
4x50,CATACTCCAACCTGCG-1
5x1,AGAGAAGGATAAGGAG-1
5x2,AGAGAAGGCGAACGCC-1
5x3,AGAGAAGGGGCTGAGC-1
5x4,AGAGAAGGCCGATTCC-1
5x5,AGAGAAGGACCGCCAA-1
5x6,AGAGAAGGCCAGTTCC-1
5x7,AGAGAAGGACTTAACC-1
5x8,AGAGAAGGCAACCGCT-1
5x9,AGAGAAGGGACCTTGA-1
5x10,AGAGAAGGTAGAGTAA-1
5x11,AGAGAAGGGCAGGTCC-1
5x12,AGAGAAGGTCGGCCTT-1
5x13,AGAGAAGGAGAACGTC-1
5x14,AGAGAAGGCTTGCGCC-1
5x15,AGAGAAGGGGTACTGC-1
5x16,AGAGAAGGTAGAATTA-1
5x17,AGAGAAGGGCCATTCT-1
5x18,AGAGAAGGTTGACTTC-1
5x19,AGAGAAGGAGAGCTAT-1
5x20,AGAGAAGGCTAAGAGA-1
5x21,AGAGAAGGACTCAATA-1
5x22,AGAGAAGGTCCTACCA-1
5x23,AGAGAAGGGCGTTGGA-1
5x24,AGAGAAGGGATCTTAC-1
5x25,AGAGAAGGCTGATGGT-1
5x26,AGAGAAGGCCGAGAAT-1
5x27,AGAGAAGGGCCGCAAC-1
5x28,AGAGAAGGTGAGTCTG-1
5x29,AGAGAAGGTGCGGACC-1
5x30,AGAGAAGGACGGAGGC-1
5x31,AGAGAAGGTAGATCTA-1
5x32,AGAGAAGGAATTAAGA-1
5x33,AGAGAAGGTTATTCAT-1
5x34,AGAGAAGGTGCCGGCA-1
5x35,AGAGAAGGTTACCGAG-1
5x36,AGAGAAGGATCATATT-1
5x37,AGAGAAGGTGGTCAGC-1
5x38,AGAGAAGGACTATGCA-1
5x39,AGAGAAGGCGACGCGA-1
5x40,AGAGAAGGGATACGGA-1
5x41,AGAGAAGGTTATCCGG-1
5x42,AGAGAAGGTCTGATAC-1
5x43,AGAGAAGGGAAGATCG-1
5x44,AGAGAAGGAAGAAGCT-1
5x45,AGAGAAGGTCCGGCCT-1
5x46,AGAGAAGGAGAGAAGG-1
5x47,AGAGAAGGCATACTCC-1
5x48,AGAGAAGGGCTAACTT-1
5x49,AGAGAAGGGGTATGCT-1
5x50,AGAGAAGGAACCTGCG-1
6x1,TCCGGCCTATAAGGAG-1
6x2,TCCGGCCTCGAACGCC-1
6x3,TCCGGCCTGGCTGAGC-1
6x4,TCCGGCCTCCGATTCC-1
6x5,TCCGGCCTACCGCCAA-1
6x6,TCCGGCCTCCAGTTCC-1
6x7,TCCGGCCTACTTAACC-1
6x8,TCCGGCCTCAACCGCT-1
6x9,TCCGGCCTGACCTTGA-1
6x10,TCCGGCCTTAGAGTAA-1
6x11,TCCGGCCTGCAGGTCC-1
6x12,TCCGGCCTTCGGCCTT-1
6x13,TCCGGCCTAGAACGTC-1
6x14,TCCGGCCTCTTGCGCC-1
6x15,TCCGGCCTGGTACTGC-1
6x16,TCCGGCCTTAGAATTA-1
6x17,TCCGGCCTGCCATTCT-1
6x18,TCCGGCCTTTGACTTC-1
6x19,TCCGGCCTAGAGCTAT-1
6x20,TCCGGCCTCTAAGAGA-1
6x21,TCCGGCCTACTCAATA-1
6x22,TCCGGCCTTCCTACCA-1
6x23,TCCGGCCTGCGTTGGA-1
6x24,TCCGGCCTGATCTTAC-1
6x25,TCCGGCCTCTGATGGT-1
6x26,TCCGGCCTCCGAGAAT-1
6x27,TCCGGCCTGCCGCAAC-1
6x28,TCCGGCCTTGAGTCTG-1
6x29,TCCGGCCTTGCGGACC-1
6x30,TCCGGCCTACGGAGGC-1
6x31,TCCGGCCTTAGATCTA-1
6x32,TCCGGCCTAATTAAGA-1
6x33,TCCGGCCTTTATTCAT-1
6x34,TCCGGCCTTGCCGGCA-1
6x35,TCCGGCCTTTACCGAG-1
6x36,TCCGGCCTATCATATT-1
6x37,TCCGGCCTTGGTCAGC-1
6x38,TCCGGCCTACTATGCA-1
6x39,TCCGGCCTCGACGCGA-1
6x40,TCCGGCCTGATACGGA-1
6x41,TCCGGCCTTTATCCGG-1
6x42,TCCGGCCTTCTGATAC-1
6x43,TCCGGCCTGAAGATCG-1
6x44,TCCGGCCTAAGAAGCT-1
6x45,TCCGGCCTTCCGGCCT-1
6x46,TCCGGCCTAGAGAAGG-1
6x47,TCCGGCCTCATACTCC-1
6x48,TCCGGCCTGCTAACTT-1
6x49,TCCGGCCTGGTATGCT-1
6x50,TCCGGCCTAACCTGCG-1
7x1,AAGAAGCTATAAGGAG-1
7x2,AAGAAGCTCGAACGCC-1
7x3,AAGAAGCTGGCTGAGC-1
7x4,AAGAAGCTCCGATTCC-1
7x5,AAGAAGCTACCGCCAA-1
7x6,AAGAAGCTCCAGTTCC-1
7x7,AAGAAGCTACTTAACC-1
7x8,AAGAAGCTCAACCGCT-1
7x9,AAGAAGCTGACCTTGA-1
7x10,AAGAAGCTTAGAGTAA-1
7x11,AAGAAGCTGCAGGTCC-1
7x12,AAGAAGCTTCGGCCTT-1
7x13,AAGAAGCTAGAACGTC-1
7x14,AAGAAGCTCTTGCGCC-1
7x15,AAGAAGCTGGTACTGC-1
7x16,AAGAAGCTTAGAATTA-1
7x17,AAGAAGCTGCCATTCT-1
7x18,AAGAAGCTTTGACTTC-1
7x19,AAGAAGCTAGAGCTAT-1
7x20,AAGAAGCTCTAAGAGA-1
7x21,AAGAAGCTACTCAATA-1
7x22,AAGAAGCTTCCTACCA-1
7x23,AAGAAGCTGCGTTGGA-1
7x24,AAGAAGCTGATCTTAC-1
7x25,AAGAAGCTCTGATGGT-1
7x26,AAGAAGCTCCGAGAAT-1
7x27,AAGAAGCTGCCGCAAC-1
7x28,AAGAAGCTTGAGTCTG-1
7x29,AAGAAGCTTGCGGACC-1
7x30,AAGAAGCTACGGAGGC-1
7x31,AAGAAGCTTAGATCTA-1
7x32,AAGAAGCTAATTAAGA-1
7x33,AAGAAGCTTTATTCAT-1
7x34,AAGAAGCTTGCCGGCA-1
7x35,AAGAAGCTTTACCGAG-1
7x36,AAGAAGCTATCATATT-1
7x37,AAGAAGCTTGGTCAGC-1
7x38,AAGAAGCTACTATGCA-1
7x39,AAGAAGCTCGACGCGA-1
7x40,AAGAAGCTGATACGGA-1
7x41,AAGAAGCTTTATCCGG-1
7x42,AAGAAGCTTCTGATAC-1
7x43,AAGAAGCTGAAGATCG-1
7x44,AAGAAGCTAAGAAGCT-1
7x45,AAGAAGCTTCCGGCCT-1
7x46,AAGAAGCTAGAGAAGG-1
7x47,AAGAAGCTCATACTCC-1
7x48,AAGAAGCTGCTAACTT-1
7x49,AAGAAGCTGGTATGCT-1
7x50,AAGAAGCTAACCTGCG-1
8x1,GAAGATCGATAAGGAG-1
8x2,GAAGATCGCGAACGCC-1
8x3,GAAGATCGGGCTGAGC-1
8x4,GAAGATCGCCGATTCC-1
8x5,GAAGATCGACCGCCAA-1
8x6,GAAGATCGCCAGTTCC-1
8x7,GAAGATCGACTTAACC-1
8x8,GAAGATCGCAACCGCT-1
8x9,GAAGATCGGACCTTGA-1
8x10,GAAGATCGTAGAGTAA-1
8x11,GAAGATCGGCAGGTCC-1
8x12,GAAGATCGTCGGCCTT-1
8x13,GAAGATCGAGAACGTC-1
8x14,GAAGATCGCTTGCGCC-1
8x15,GAAGATCGGGTACTGC-1
8x16,GAAGATCGTAGAATTA-1
8x17,GAAGATCGGCCATTCT-1
8x18,GAAGATCGTTGACTTC-1
8x19,GAAGATCGAGAGCTAT-1
8x20,GAAGATCGCTAAGAGA-1
8x21,GAAGATCGACTCAATA-1
8x22,GAAGATCGTCCTACCA-1
8x23,GAAGATCGGCGTTGGA-1
8x24,GAAGATCGGATCTTAC-1
8x25,GAAGATCGCTGATGGT-1
8x26,GAAGATCGCCGAGAAT-1
8x27,GAAGATCGGCCGCAAC-1
8x28,GAAGATCGTGAGTCTG-1
8x29,GAAGATCGTGCGGACC-1
8x30,GAAGATCGACGGAGGC-1
8x31,GAAGATCGTAGATCTA-1
8x32,GAAGATCGAATTAAGA-1
8x33,GAAGATCGTTATTCAT-1
8x34,GAAGATCGTGCCGGCA-1
8x35,GAAGATCGTTACCGAG-1
8x36,GAAGATCGATCATATT-1
8x37,GAAGATCGTGGTCAGC-1
8x38,GAAGATCGACTATGCA-1
8x39,GAAGATCGCGACGCGA-1
8x40,GAAGATCGGATACGGA-1
8x41,GAAGATCGTTATCCGG-1
8x42,GAAGATCGTCTGATAC-1
8x43,GAAGATCGGAAGATCG-1
8x44,GAAGATCGAAGAAGCT-1
8x45,GAAGATCGTCCGGCCT-1
8x46,GAAGATCGAGAGAAGG-1
8x47,GAAGATCGCATACTCC-1
8x48,GAAGATCGGCTAACTT-1
8x49,GAAGATCGGGTATGCT-1
8x50,GAAGATCGAACCTGCG-1
9x1,TCTGATACATAAGGAG-1
9x2,TCTGATACCGAACGCC-1
9x3,TCTGATACGGCTGAGC-1
9x4,TCTGATACCCGATTCC-1
9x5,TCTGATACACCGCCAA-1
9x6,TCTGATACCCAGTTCC-1
9x7,TCTGATACACTTAACC-1
9x8,TCTGATACCAACCGCT-1
9x9,TCTGATACGACCTTGA-1
9x10,TCTGATACTAGAGTAA-1
9x11,TCTGATACGCAGGTCC-1
9x12,TCTGATACTCGGCCTT-1
9x13,TCTGATACAGAACGTC-1
9x14,TCTGATACCTTGCGCC-1
9x15,TCTGATACGGTACTGC-1
9x16,TCTGATACTAGAATTA-1
9x17,TCTGATACGCCATTCT-1
9x18,TCTGATACTTGACTTC-1
9x19,TCTGATACAGAGCTAT-1
9x20,TCTGATACCTAAGAGA-1
9x21,TCTGATACACTCAATA-1
9x22,TCTGATACTCCTACCA-1
9x23,TCTGATACGCGTTGGA-1
9x24,TCTGATACGATCTTAC-1
9x25,TCTGATACCTGATGGT-1
9x26,TCTGATACCCGAGAAT-1
9x27,TCTGATACGCCGCAAC-1
9x28,TCTGATACTGAGTCTG-1
9x29,TCTGATACTGCGGACC-1
9x30,TCTGATACACGGAGGC-1
9x31,TCTGATACTAGATCTA-1
9x32,TCTGATACAATTAAGA-1
9x33,TCTGATACTTATTCAT-1
9x34,TCTGATACTGCCGGCA-1
9x35,TCTGATACTTACCGAG-1
9x36,TCTGATACATCATATT-1
9x37,TCTGATACTGGTCAGC-1
9x38,TCTGATACACTATGCA-1
9x39,TCTGATACCGACGCGA-1
9x40,TCTGATACGATACGGA-1
9x41,TCTGATACTTATCCGG-1
9x42,TCTGATACTCTGATAC-1
9x43,TCTGATACGAAGATCG-1
9x44,TCTGATACAAGAAGCT-1
9x45,TCTGATACTCCGGCCT-1
9x46,TCTGATACAGAGAAGG-1
9x47,TCTGATACCATACTCC-1
9x48,TCTGATACGCTAACTT-1
9x49,TCTGATACGGTATGCT-1
9x50,TCTGATACAACCTGCG-1
10x1,TTATCCGGATAAGGAG-1
10x2,TTATCCGGCGAACGCC-1
10x3,TTATCCGGGGCTGAGC-1
10x4,TTATCCGGCCGATTCC-1
10x5,TTATCCGGACCGCCAA-1
10x6,TTATCCGGCCAGTTCC-1
10x7,TTATCCGGACTTAACC-1
10x8,TTATCCGGCAACCGCT-1
10x9,TTATCCGGGACCTTGA-1
10x10,TTATCCGGTAGAGTAA-1
10x11,TTATCCGGGCAGGTCC-1
10x12,TTATCCGGTCGGCCTT-1
10x13,TTATCCGGAGAACGTC-1
10x14,TTATCCGGCTTGCGCC-1
10x15,TTATCCGGGGTACTGC-1
10x16,TTATCCGGTAGAATTA-1
10x17,TTATCCGGGCCATTCT-1
10x18,TTATCCGGTTGACTTC-1
10x19,TTATCCGGAGAGCTAT-1
10x20,TTATCCGGCTAAGAGA-1
10x21,TTATCCGGACTCAATA-1
10x22,TTATCCGGTCCTACCA-1
10x23,TTATCCGGGCGTTGGA-1
10x24,TTATCCGGGATCTTAC-1
10x25,TTATCCGGCTGATGGT-1
10x26,TTATCCGGCCGAGAAT-1
10x27,TTATCCGGGCCGCAAC-1
10x28,TTATCCGGTGAGTCTG-1
10x29,TTATCCGGTGCGGACC-1
10x30,TTATCCGGACGGAGGC-1
10x31,TTATCCGGTAGATCTA-1
10x32,TTATCCGGAATTAAGA-1
10x33,TTATCCGGTTATTCAT-1
10x34,TTATCCGGTGCCGGCA-1
10x35,TTATCCGGTTACCGAG-1
10x36,TTATCCGGATCATATT-1
10x37,TTATCCGGTGGTCAGC-1
10x38,TTATCCGGACTATGCA-1
10x39,TTATCCGGCGACGCGA-1
10x40,TTATCCGGGATACGGA-1
10x41,TTATCCGGTTATCCGG-1
10x42,TTATCCGGTCTGATAC-1
10x43,TTATCCGGGAAGATCG-1
10x44,TTATCCGGAAGAAGCT-1
10x45,TTATCCGGTCCGGCCT-1
10x46,TTATCCGGAGAGAAGG-1
10x47,TTATCCGGCATACTCC-1
10x48,TTATCCGGGCTAACTT-1
10x49,TTATCCGGGGTATGCT-1
10x50,TTATCCGGAACCTGCG-1
11x1,GATACGGAATAAGGAG-1
11x2,GATACGGACGAACGCC-1
11x3,GATACGGAGGCTGAGC-1
11x4,GATACGGACCGATTCC-1
11x5,GATACGGAACCGCCAA-1
11x6,GATACGGACCAGTTCC-1
11x7,GATACGGAACTTAACC-1
11x8,GATACGGACAACCGCT-1
11x9,GATACGGAGACCTTGA-1
11x10,GATACGGATAGAGTAA-1
11x11,GATACGGAGCAGGTCC-1
11x12,GATACGGATCGGCCTT-1
11x13,GATACGGAAGAACGTC-1
11x14,GATACGGACTTGCGCC-1
11x15,GATACGGAGGTACTGC-1
11x16,GATACGGATAGAATTA-1
11x17,GATACGGAGCCATTCT-1
11x18,GATACGGATTGACTTC-1
11x19,GATACGGAAGAGCTAT-1
11x20,GATACGGACTAAGAGA-1
11x21,GATACGGAACTCAATA-1
11x22,GATACGGATCCTACCA-1
11x23,GATACGGAGCGTTGGA-1
11x24,GATACGGAGATCTTAC-1
11x25,GATACGGACTGATGGT-1
11x26,GATACGGACCGAGAAT-1
11x27,GATACGGAGCCGCAAC-1
11x28,GATACGGATGAGTCTG-1
11x29,GATACGGATGCGGACC-1
11x30,GATACGGAACGGAGGC-1
11x31,GATACGGATAGATCTA-1
11x32,GATACGGAAATTAAGA-1
11x33,GATACGGATTATTCAT-1
11x34,GATACGGATGCCGGCA-1
11x35,GATACGGATTACCGAG-1
11x36,GATACGGAATCATATT-1
11x37,GATACGGATGGTCAGC-1
11x38,GATACGGAACTATGCA-1
11x39,GATACGGACGACGCGA-1
11x40,GATACGGAGATACGGA-1
11x41,GATACGGATTATCCGG-1
11x42,GATACGGATCTGATAC-1
11x43,GATACGGAGAAGATCG-1
11x44,GATACGGAAAGAAGCT-1
11x45,GATACGGATCCGGCCT-1
11x46,GATACGGAAGAGAAGG-1
11x47,GATACGGACATACTCC-1
11x48,GATACGGAGCTAACTT-1
11x49,GATACGGAGGTATGCT-1
11x50,GATACGGAAACCTGCG-1
12x1,CGACGCGAATAAGGAG-1
12x2,CGACGCGACGAACGCC-1
12x3,CGACGCGAGGCTGAGC-1
12x4,CGACGCGACCGATTCC-1
12x5,CGACGCGAACCGCCAA-1
12x6,CGACGCGACCAGTTCC-1
12x7,CGACGCGAACTTAACC-1
12x8,CGACGCGACAACCGCT-1
12x9,CGACGCGAGACCTTGA-1
12x10,CGACGCGATAGAGTAA-1
12x11,CGACGCGAGCAGGTCC-1
12x12,CGACGCGATCGGCCTT-1
12x13,CGACGCGAAGAACGTC-1
12x14,CGACGCGACTTGCGCC-1
12x15,CGACGCGAGGTACTGC-1
12x16,CGACGCGATAGAATTA-1
12x17,CGACGCGAGCCATTCT-1
12x18,CGACGCGATTGACTTC-1
12x19,CGACGCGAAGAGCTAT-1
12x20,CGACGCGACTAAGAGA-1
12x21,CGACGCGAACTCAATA-1
12x22,CGACGCGATCCTACCA-1
12x23,CGACGCGAGCGTTGGA-1
12x24,CGACGCGAGATCTTAC-1
12x25,CGACGCGACTGATGGT-1
12x26,CGACGCGACCGAGAAT-1
12x27,CGACGCGAGCCGCAAC-1
12x28,CGACGCGATGAGTCTG-1
12x29,CGACGCGATGCGGACC-1
12x30,CGACGCGAACGGAGGC-1
12x31,CGACGCGATAGATCTA-1
12x32,CGACGCGAAATTAAGA-1
12x33,CGACGCGATTATTCAT-1
12x34,CGACGCGATGCCGGCA-1
12x35,CGACGCGATTACCGAG-1
12x36,CGACGCGAATCATATT-1
12x37,CGACGCGATGGTCAGC-1
12x38,CGACGCGAACTATGCA-1
12x39,CGACGCGACGACGCGA-1
12x40,CGACGCGAGATACGGA-1
12x41,CGACGCGATTATCCGG-1
12x42,CGACGCGATCTGATAC-1
12x43,CGACGCGAGAAGATCG-1
12x44,CGACGCGAAAGAAGCT-1
12x45,CGACGCGATCCGGCCT-1
12x46,CGACGCGAAGAGAAGG-1
12x47,CGACGCGACATACTCC-1
12x48,CGACGCGAGCTAACTT-1
12x49,CGACGCGAGGTATGCT-1
12x50,CGACGCGAAACCTGCG-1
13x1,ACTATGCAATAAGGAG-1
13x2,ACTATGCACGAACGCC-1
13x3,ACTATGCAGGCTGAGC-1
13x4,ACTATGCACCGATTCC-1
13x5,ACTATGCAACCGCCAA-1
13x6,ACTATGCACCAGTTCC-1
13x7,ACTATGCAACTTAACC-1
13x8,ACTATGCACAACCGCT-1
13x9,ACTATGCAGACCTTGA-1
13x10,ACTATGCATAGAGTAA-1
13x11,ACTATGCAGCAGGTCC-1
13x12,ACTATGCATCGGCCTT-1
13x13,ACTATGCAAGAACGTC-1
13x14,ACTATGCACTTGCGCC-1
13x15,ACTATGCAGGTACTGC-1
13x16,ACTATGCATAGAATTA-1
13x17,ACTATGCAGCCATTCT-1
13x18,ACTATGCATTGACTTC-1
13x19,ACTATGCAAGAGCTAT-1
13x20,ACTATGCACTAAGAGA-1
13x21,ACTATGCAACTCAATA-1
13x22,ACTATGCATCCTACCA-1
13x23,ACTATGCAGCGTTGGA-1
13x24,ACTATGCAGATCTTAC-1
13x25,ACTATGCACTGATGGT-1
13x26,ACTATGCACCGAGAAT-1
13x27,ACTATGCAGCCGCAAC-1
13x28,ACTATGCATGAGTCTG-1
13x29,ACTATGCATGCGGACC-1
13x30,ACTATGCAACGGAGGC-1
13x31,ACTATGCATAGATCTA-1
13x32,ACTATGCAAATTAAGA-1
13x33,ACTATGCATTATTCAT-1
13x34,ACTATGCATGCCGGCA-1
13x35,ACTATGCATTACCGAG-1
13x36,ACTATGCAATCATATT-1
13x37,ACTATGCATGGTCAGC-1
13x38,ACTATGCAACTATGCA-1
13x39,ACTATGCACGACGCGA-1
13x40,ACTATGCAGATACGGA-1
13x41,ACTATGCATTATCCGG-1
13x42,ACTATGCATCTGATAC-1
13x43,ACTATGCAGAAGATCG-1
13x44,ACTATGCAAAGAAGCT-1
13x45,ACTATGCATCCGGCCT-1
13x46,ACTATGCAAGAGAAGG-1
13x47,ACTATGCACATACTCC-1
13x48,ACTATGCAGCTAACTT-1
13x49,ACTATGCAGGTATGCT-1
13x50,ACTATGCAAACCTGCG-1
14x1,TGGTCAGCATAAGGAG-1
14x2,TGGTCAGCCGAACGCC-1
14x3,TGGTCAGCGGCTGAGC-1
14x4,TGGTCAGCCCGATTCC-1
14x5,TGGTCAGCACCGCCAA-1
14x6,TGGTCAGCCCAGTTCC-1
14x7,TGGTCAGCACTTAACC-1
14x8,TGGTCAGCCAACCGCT-1
14x9,TGGTCAGCGACCTTGA-1
14x10,TGGTCAGCTAGAGTAA-1
14x11,TGGTCAGCGCAGGTCC-1
14x12,TGGTCAGCTCGGCCTT-1
14x13,TGGTCAGCAGAACGTC-1
14x14,TGGTCAGCCTTGCGCC-1
14x15,TGGTCAGCGGTACTGC-1
14x16,TGGTCAGCTAGAATTA-1
14x17,TGGTCAGCGCCATTCT-1
14x18,TGGTCAGCTTGACTTC-1
14x19,TGGTCAGCAGAGCTAT-1
14x20,TGGTCAGCCTAAGAGA-1
14x21,TGGTCAGCACTCAATA-1
14x22,TGGTCAGCTCCTACCA-1
14x23,TGGTCAGCGCGTTGGA-1
14x24,TGGTCAGCGATCTTAC-1
14x25,TGGTCAGCCTGATGGT-1
14x26,TGGTCAGCCCGAGAAT-1
14x27,TGGTCAGCGCCGCAAC-1
14x28,TGGTCAGCTGAGTCTG-1
14x29,TGGTCAGCTGCGGACC-1
14x30,TGGTCAGCACGGAGGC-1
14x31,TGGTCAGCTAGATCTA-1
14x32,TGGTCAGCAATTAAGA-1
14x33,TGGTCAGCTTATTCAT-1
14x34,TGGTCAGCTGCCGGCA-1
14x35,TGGTCAGCTTACCGAG-1
14x36,TGGTCAGCATCATATT-1
14x37,TGGTCAGCTGGTCAGC-1
14x38,TGGTCAGCACTATGCA-1
14x39,TGGTCAGCCGACGCGA-1
14x40,TGGTCAGCGATACGGA-1
14x41,TGGTCAGCTTATCCGG-1
14x42,TGGTCAGCTCTGATAC-1
14x43,TGGTCAGCGAAGATCG-1
14x44,TGGTCAGCAAGAAGCT-1
14x45,TGGTCAGCTCCGGCCT-1
14x46,TGGTCAGCAGAGAAGG-1
14x47,TGGTCAGCCATACTCC-1
14x48,TGGTCAGCGCTAACTT-1
14x49,TGGTCAGCGGTATGCT-1
14x50,TGGTCAGCAACCTGCG-1
15x1,ATCATATTATAAGGAG-1
15x2,ATCATATTCGAACGCC-1
15x3,ATCATATTGGCTGAGC-1
15x4,ATCATATTCCGATTCC-1
15x5,ATCATATTACCGCCAA-1
15x6,ATCATATTCCAGTTCC-1
15x7,ATCATATTACTTAACC-1
15x8,ATCATATTCAACCGCT-1
15x9,ATCATATTGACCTTGA-1
15x10,ATCATATTTAGAGTAA-1
15x11,ATCATATTGCAGGTCC-1
15x12,ATCATATTTCGGCCTT-1
15x13,ATCATATTAGAACGTC-1
15x14,ATCATATTCTTGCGCC-1
15x15,ATCATATTGGTACTGC-1
15x16,ATCATATTTAGAATTA-1
15x17,ATCATATTGCCATTCT-1
15x18,ATCATATTTTGACTTC-1
15x19,ATCATATTAGAGCTAT-1
15x20,ATCATATTCTAAGAGA-1
15x21,ATCATATTACTCAATA-1
15x22,ATCATATTTCCTACCA-1
15x23,ATCATATTGCGTTGGA-1
15x24,ATCATATTGATCTTAC-1
15x25,ATCATATTCTGATGGT-1
15x26,ATCATATTCCGAGAAT-1
15x27,ATCATATTGCCGCAAC-1
15x28,ATCATATTTGAGTCTG-1
15x29,ATCATATTTGCGGACC-1
15x30,ATCATATTACGGAGGC-1
15x31,ATCATATTTAGATCTA-1
15x32,ATCATATTAATTAAGA-1
15x33,ATCATATTTTATTCAT-1
15x34,ATCATATTTGCCGGCA-1
15x35,ATCATATTTTACCGAG-1
15x36,ATCATATTATCATATT-1
15x37,ATCATATTTGGTCAGC-1
15x38,ATCATATTACTATGCA-1
15x39,ATCATATTCGACGCGA-1
15x40,ATCATATTGATACGGA-1
15x41,ATCATATTTTATCCGG-1
15x42,ATCATATTTCTGATAC-1
15x43,ATCATATTGAAGATCG-1
15x44,ATCATATTAAGAAGCT-1
15x45,ATCATATTTCCGGCCT-1
15x46,ATCATATTAGAGAAGG-1
15x47,ATCATATTCATACTCC-1
15x48,ATCATATTGCTAACTT-1
15x49,ATCATATTGGTATGCT-1
15x50,ATCATATTAACCTGCG-1
16x1,TTACCGAGATAAGGAG-1
16x2,TTACCGAGCGAACGCC-1
16x3,TTACCGAGGGCTGAGC-1
16x4,TTACCGAGCCGATTCC-1
16x5,TTACCGAGACCGCCAA-1
16x6,TTACCGAGCCAGTTCC-1
16x7,TTACCGAGACTTAACC-1
16x8,TTACCGAGCAACCGCT-1
16x9,TTACCGAGGACCTTGA-1
16x10,TTACCGAGTAGAGTAA-1
16x11,TTACCGAGGCAGGTCC-1
16x12,TTACCGAGTCGGCCTT-1
16x13,TTACCGAGAGAACGTC-1
16x14,TTACCGAGCTTGCGCC-1
16x15,TTACCGAGGGTACTGC-1
16x16,TTACCGAGTAGAATTA-1
16x17,TTACCGAGGCCATTCT-1
16x18,TTACCGAGTTGACTTC-1
16x19,TTACCGAGAGAGCTAT-1
16x20,TTACCGAGCTAAGAGA-1
16x21,TTACCGAGACTCAATA-1
16x22,TTACCGAGTCCTACCA-1
16x23,TTACCGAGGCGTTGGA-1
16x24,TTACCGAGGATCTTAC-1
16x25,TTACCGAGCTGATGGT-1
16x26,TTACCGAGCCGAGAAT-1
16x27,TTACCGAGGCCGCAAC-1
16x28,TTACCGAGTGAGTCTG-1
16x29,TTACCGAGTGCGGACC-1
16x30,TTACCGAGACGGAGGC-1
16x31,TTACCGAGTAGATCTA-1
16x32,TTACCGAGAATTAAGA-1
16x33,TTACCGAGTTATTCAT-1
16x34,TTACCGAGTGCCGGCA-1
16x35,TTACCGAGTTACCGAG-1
16x36,TTACCGAGATCATATT-1
16x37,TTACCGAGTGGTCAGC-1
16x38,TTACCGAGACTATGCA-1
16x39,TTACCGAGCGACGCGA-1
16x40,TTACCGAGGATACGGA-1
16x41,TTACCGAGTTATCCGG-1
16x42,TTACCGAGTCTGATAC-1
16x43,TTACCGAGGAAGATCG-1
16x44,TTACCGAGAAGAAGCT-1
16x45,TTACCGAGTCCGGCCT-1
16x46,TTACCGAGAGAGAAGG-1
16x47,TTACCGAGCATACTCC-1
16x48,TTACCGAGGCTAACTT-1
16x49,TTACCGAGGGTATGCT-1
16x50,TTACCGAGAACCTGCG-1
17x1,TGCCGGCAATAAGGAG-1
17x2,TGCCGGCACGAACGCC-1
17x3,TGCCGGCAGGCTGAGC-1
17x4,TGCCGGCACCGATTCC-1
17x5,TGCCGGCAACCGCCAA-1
17x6,TGCCGGCACCAGTTCC-1
17x7,TGCCGGCAACTTAACC-1
17x8,TGCCGGCACAACCGCT-1
17x9,TGCCGGCAGACCTTGA-1
17x10,TGCCGGCATAGAGTAA-1
17x11,TGCCGGCAGCAGGTCC-1
17x12,TGCCGGCATCGGCCTT-1
17x13,TGCCGGCAAGAACGTC-1
17x14,TGCCGGCACTTGCGCC-1
17x15,TGCCGGCAGGTACTGC-1
17x16,TGCCGGCATAGAATTA-1
17x17,TGCCGGCAGCCATTCT-1
17x18,TGCCGGCATTGACTTC-1
17x19,TGCCGGCAAGAGCTAT-1
17x20,TGCCGGCACTAAGAGA-1
17x21,TGCCGGCAACTCAATA-1
17x22,TGCCGGCATCCTACCA-1
17x23,TGCCGGCAGCGTTGGA-1
17x24,TGCCGGCAGATCTTAC-1
17x25,TGCCGGCACTGATGGT-1
17x26,TGCCGGCACCGAGAAT-1
17x27,TGCCGGCAGCCGCAAC-1
17x28,TGCCGGCATGAGTCTG-1
17x29,TGCCGGCATGCGGACC-1
17x30,TGCCGGCAACGGAGGC-1
17x31,TGCCGGCATAGATCTA-1
17x32,TGCCGGCAAATTAAGA-1
17x33,TGCCGGCATTATTCAT-1
17x34,TGCCGGCATGCCGGCA-1
17x35,TGCCGGCATTACCGAG-1
17x36,TGCCGGCAATCATATT-1
17x37,TGCCGGCATGGTCAGC-1
17x38,TGCCGGCAACTATGCA-1
17x39,TGCCGGCACGACGCGA-1
17x40,TGCCGGCAGATACGGA-1
17x41,TGCCGGCATTATCCGG-1
17x42,TGCCGGCATCTGATAC-1
17x43,TGCCGGCAGAAGATCG-1
17x44,TGCCGGCAAAGAAGCT-1
17x45,TGCCGGCATCCGGCCT-1
17x46,TGCCGGCAAGAGAAGG-1
17x47,TGCCGGCACATACTCC-1
17x48,TGCCGGCAGCTAACTT-1
17x49,TGCCGGCAGGTATGCT-1
17x50,TGCCGGCAAACCTGCG-1
18x1,TTATTCATATAAGGAG-1
18x2,TTATTCATCGAACGCC-1
18x3,TTATTCATGGCTGAGC-1
18x4,TTATTCATCCGATTCC-1
18x5,TTATTCATACCGCCAA-1
18x6,TTATTCATCCAGTTCC-1
18x7,TTATTCATACTTAACC-1
18x8,TTATTCATCAACCGCT-1
18x9,TTATTCATGACCTTGA-1
18x10,TTATTCATTAGAGTAA-1
18x11,TTATTCATGCAGGTCC-1
18x12,TTATTCATTCGGCCTT-1
18x13,TTATTCATAGAACGTC-1
18x14,TTATTCATCTTGCGCC-1
18x15,TTATTCATGGTACTGC-1
18x16,TTATTCATTAGAATTA-1
18x17,TTATTCATGCCATTCT-1
18x18,TTATTCATTTGACTTC-1
18x19,TTATTCATAGAGCTAT-1
18x20,TTATTCATCTAAGAGA-1
18x21,TTATTCATACTCAATA-1
18x22,TTATTCATTCCTACCA-1
18x23,TTATTCATGCGTTGGA-1
18x24,TTATTCATGATCTTAC-1
18x25,TTATTCATCTGATGGT-1
18x26,TTATTCATCCGAGAAT-1
18x27,TTATTCATGCCGCAAC-1
18x28,TTATTCATTGAGTCTG-1
18x29,TTATTCATTGCGGACC-1
18x30,TTATTCATACGGAGGC-1
18x31,TTATTCATTAGATCTA-1
18x32,TTATTCATAATTAAGA-1
18x33,TTATTCATTTATTCAT-1
18x34,TTATTCATTGCCGGCA-1
18x35,TTATTCATTTACCGAG-1
18x36,TTATTCATATCATATT-1
18x37,TTATTCATTGGTCAGC-1
18x38,TTATTCATACTATGCA-1
18x39,TTATTCATCGACGCGA-1
18x40,TTATTCATGATACGGA-1
18x41,TTATTCATTTATCCGG-1
18x42,TTATTCATTCTGATAC-1
18x43,TTATTCATGAAGATCG-1
18x44,TTATTCATAAGAAGCT-1
18x45,TTATTCATTCCGGCCT-1
18x46,TTATTCATAGAGAAGG-1
18x47,TTATTCATCATACTCC-1
18x48,TTATTCATGCTAACTT-1
18x49,TTATTCATGGTATGCT-1
18x50,TTATTCATAACCTGCG-1
19x1,AATTAAGAATAAGGAG-1
19x2,AATTAAGACGAACGCC-1
19x3,AATTAAGAGGCTGAGC-1
19x4,AATTAAGACCGATTCC-1
19x5,AATTAAGAACCGCCAA-1
19x6,AATTAAGACCAGTTCC-1
19x7,AATTAAGAACTTAACC-1
19x8,AATTAAGACAACCGCT-1
19x9,AATTAAGAGACCTTGA-1
19x10,AATTAAGATAGAGTAA-1
19x11,AATTAAGAGCAGGTCC-1
19x12,AATTAAGATCGGCCTT-1
19x13,AATTAAGAAGAACGTC-1
19x14,AATTAAGACTTGCGCC-1
19x15,AATTAAGAGGTACTGC-1
19x16,AATTAAGATAGAATTA-1
19x17,AATTAAGAGCCATTCT-1
19x18,AATTAAGATTGACTTC-1
19x19,AATTAAGAAGAGCTAT-1
19x20,AATTAAGACTAAGAGA-1
19x21,AATTAAGAACTCAATA-1
19x22,AATTAAGATCCTACCA-1
19x23,AATTAAGAGCGTTGGA-1
19x24,AATTAAGAGATCTTAC-1
19x25,AATTAAGACTGATGGT-1
19x26,AATTAAGACCGAGAAT-1
19x27,AATTAAGAGCCGCAAC-1
19x28,AATTAAGATGAGTCTG-1
19x29,AATTAAGATGCGGACC-1
19x30,AATTAAGAACGGAGGC-1
19x31,AATTAAGATAGATCTA-1
19x32,AATTAAGAAATTAAGA-1
19x33,AATTAAGATTATTCAT-1
19x34,AATTAAGATGCCGGCA-1
19x35,AATTAAGATTACCGAG-1
19x36,AATTAAGAATCATATT-1
19x37,AATTAAGATGGTCAGC-1
19x38,AATTAAGAACTATGCA-1
19x39,AATTAAGACGACGCGA-1
19x40,AATTAAGAGATACGGA-1
19x41,AATTAAGATTATCCGG-1
19x42,AATTAAGATCTGATAC-1
19x43,AATTAAGAGAAGATCG-1
19x44,AATTAAGAAAGAAGCT-1
19x45,AATTAAGATCCGGCCT-1
19x46,AATTAAGAAGAGAAGG-1
19x47,AATTAAGACATACTCC-1
19x48,AATTAAGAGCTAACTT-1
19x49,AATTAAGAGGTATGCT-1
19x50,AATTAAGAAACCTGCG-1
20x1,TAGATCTAATAAGGAG-1
20x2,TAGATCTACGAACGCC-1
20x3,TAGATCTAGGCTGAGC-1
20x4,TAGATCTACCGATTCC-1
20x5,TAGATCTAACCGCCAA-1
20x6,TAGATCTACCAGTTCC-1
20x7,TAGATCTAACTTAACC-1
20x8,TAGATCTACAACCGCT-1
20x9,TAGATCTAGACCTTGA-1
20x10,TAGATCTATAGAGTAA-1
20x11,TAGATCTAGCAGGTCC-1
20x12,TAGATCTATCGGCCTT-1
20x13,TAGATCTAAGAACGTC-1
20x14,TAGATCTACTTGCGCC-1
20x15,TAGATCTAGGTACTGC-1
20x16,TAGATCTATAGAATTA-1
20x17,TAGATCTAGCCATTCT-1
20x18,TAGATCTATTGACTTC-1
20x19,TAGATCTAAGAGCTAT-1
20x20,TAGATCTACTAAGAGA-1
20x21,TAGATCTAACTCAATA-1
20x22,TAGATCTATCCTACCA-1
20x23,TAGATCTAGCGTTGGA-1
20x24,TAGATCTAGATCTTAC-1
20x25,TAGATCTACTGATGGT-1
20x26,TAGATCTACCGAGAAT-1
20x27,TAGATCTAGCCGCAAC-1
20x28,TAGATCTATGAGTCTG-1
20x29,TAGATCTATGCGGACC-1
20x30,TAGATCTAACGGAGGC-1
20x31,TAGATCTATAGATCTA-1
20x32,TAGATCTAAATTAAGA-1
20x33,TAGATCTATTATTCAT-1
20x34,TAGATCTATGCCGGCA-1
20x35,TAGATCTATTACCGAG-1
20x36,TAGATCTAATCATATT-1
20x37,TAGATCTATGGTCAGC-1
20x38,TAGATCTAACTATGCA-1
20x39,TAGATCTACGACGCGA-1
20x40,TAGATCTAGATACGGA-1
20x41,TAGATCTATTATCCGG-1
20x42,TAGATCTATCTGATAC-1
20x43,TAGATCTAGAAGATCG-1
20x44,TAGATCTAAAGAAGCT-1
20x45,TAGATCTATCCGGCCT-1
20x46,TAGATCTAAGAGAAGG-1
20x47,TAGATCTACATACTCC-1
20x48,TAGATCTAGCTAACTT-1
20x49,TAGATCTAGGTATGCT-1
20x50,TAGATCTAAACCTGCG-1
21x1,ACGGAGGCATAAGGAG-1
21x2,ACGGAGGCCGAACGCC-1
21x3,ACGGAGGCGGCTGAGC-1
21x4,ACGGAGGCCCGATTCC-1
21x5,ACGGAGGCACCGCCAA-1
21x6,ACGGAGGCCCAGTTCC-1
21x7,ACGGAGGCACTTAACC-1
21x8,ACGGAGGCCAACCGCT-1
21x9,ACGGAGGCGACCTTGA-1
21x10,ACGGAGGCTAGAGTAA-1
21x11,ACGGAGGCGCAGGTCC-1
21x12,ACGGAGGCTCGGCCTT-1
21x13,ACGGAGGCAGAACGTC-1
21x14,ACGGAGGCCTTGCGCC-1
21x15,ACGGAGGCGGTACTGC-1
21x16,ACGGAGGCTAGAATTA-1
21x17,ACGGAGGCGCCATTCT-1
21x18,ACGGAGGCTTGACTTC-1
21x19,ACGGAGGCAGAGCTAT-1
21x20,ACGGAGGCCTAAGAGA-1
21x21,ACGGAGGCACTCAATA-1
21x22,ACGGAGGCTCCTACCA-1
21x23,ACGGAGGCGCGTTGGA-1
21x24,ACGGAGGCGATCTTAC-1
21x25,ACGGAGGCCTGATGGT-1
21x26,ACGGAGGCCCGAGAAT-1
21x27,ACGGAGGCGCCGCAAC-1
21x28,ACGGAGGCTGAGTCTG-1
21x29,ACGGAGGCTGCGGACC-1
21x30,ACGGAGGCACGGAGGC-1
21x31,ACGGAGGCTAGATCTA-1
21x32,ACGGAGGCAATTAAGA-1
21x33,ACGGAGGCTTATTCAT-1
21x34,ACGGAGGCTGCCGGCA-1
21x35,ACGGAGGCTTACCGAG-1
21x36,ACGGAGGCATCATATT-1
21x37,ACGGAGGCTGGTCAGC-1
21x38,ACGGAGGCACTATGCA-1
21x39,ACGGAGGCCGACGCGA-1
21x40,ACGGAGGCGATACGGA-1
21x41,ACGGAGGCTTATCCGG-1
21x42,ACGGAGGCTCTGATAC-1
21x43,ACGGAGGCGAAGATCG-1
21x44,ACGGAGGCAAGAAGCT-1
21x45,ACGGAGGCTCCGGCCT-1
21x46,ACGGAGGCAGAGAAGG-1
21x47,ACGGAGGCCATACTCC-1
21x48,ACGGAGGCGCTAACTT-1
21x49,ACGGAGGCGGTATGCT-1
21x50,ACGGAGGCAACCTGCG-1
22x1,TGCGGACCATAAGGAG-1
22x2,TGCGGACCCGAACGCC-1
22x3,TGCGGACCGGCTGAGC-1
22x4,TGCGGACCCCGATTCC-1
22x5,TGCGGACCACCGCCAA-1
22x6,TGCGGACCCCAGTTCC-1
22x7,TGCGGACCACTTAACC-1
22x8,TGCGGACCCAACCGCT-1
22x9,TGCGGACCGACCTTGA-1
22x10,TGCGGACCTAGAGTAA-1
22x11,TGCGGACCGCAGGTCC-1
22x12,TGCGGACCTCGGCCTT-1
22x13,TGCGGACCAGAACGTC-1
22x14,TGCGGACCCTTGCGCC-1
22x15,TGCGGACCGGTACTGC-1
22x16,TGCGGACCTAGAATTA-1
22x17,TGCGGACCGCCATTCT-1
22x18,TGCGGACCTTGACTTC-1
22x19,TGCGGACCAGAGCTAT-1
22x20,TGCGGACCCTAAGAGA-1
22x21,TGCGGACCACTCAATA-1
22x22,TGCGGACCTCCTACCA-1
22x23,TGCGGACCGCGTTGGA-1
22x24,TGCGGACCGATCTTAC-1
22x25,TGCGGACCCTGATGGT-1
22x26,TGCGGACCCCGAGAAT-1
22x27,TGCGGACCGCCGCAAC-1
22x28,TGCGGACCTGAGTCTG-1
22x29,TGCGGACCTGCGGACC-1
22x30,TGCGGACCACGGAGGC-1
22x31,TGCGGACCTAGATCTA-1
22x32,TGCGGACCAATTAAGA-1
22x33,TGCGGACCTTATTCAT-1
22x34,TGCGGACCTGCCGGCA-1
22x35,TGCGGACCTTACCGAG-1
22x36,TGCGGACCATCATATT-1
22x37,TGCGGACCTGGTCAGC-1
22x38,TGCGGACCACTATGCA-1
22x39,TGCGGACCCGACGCGA-1
22x40,TGCGGACCGATACGGA-1
22x41,TGCGGACCTTATCCGG-1
22x42,TGCGGACCTCTGATAC-1
22x43,TGCGGACCGAAGATCG-1
22x44,TGCGGACCAAGAAGCT-1
22x45,TGCGGACCTCCGGCCT-1
22x46,TGCGGACCAGAGAAGG-1
22x47,TGCGGACCCATACTCC-1
22x48,TGCGGACCGCTAACTT-1
22x49,TGCGGACCGGTATGCT-1
22x50,TGCGGACCAACCTGCG-1
23x1,TGAGTCTGATAAGGAG-1
23x2,TGAGTCTGCGAACGCC-1
23x3,TGAGTCTGGGCTGAGC-1
23x4,TGAGTCTGCCGATTCC-1
23x5,TGAGTCTGACCGCCAA-1
23x6,TGAGTCTGCCAGTTCC-1
23x7,TGAGTCTGACTTAACC-1
23x8,TGAGTCTGCAACCGCT-1
23x9,TGAGTCTGGACCTTGA-1
23x10,TGAGTCTGTAGAGTAA-1
23x11,TGAGTCTGGCAGGTCC-1
23x12,TGAGTCTGTCGGCCTT-1
23x13,TGAGTCTGAGAACGTC-1
23x14,TGAGTCTGCTTGCGCC-1
23x15,TGAGTCTGGGTACTGC-1
23x16,TGAGTCTGTAGAATTA-1
23x17,TGAGTCTGGCCATTCT-1
23x18,TGAGTCTGTTGACTTC-1
23x19,TGAGTCTGAGAGCTAT-1
23x20,TGAGTCTGCTAAGAGA-1
23x21,TGAGTCTGACTCAATA-1
23x22,TGAGTCTGTCCTACCA-1
23x23,TGAGTCTGGCGTTGGA-1
23x24,TGAGTCTGGATCTTAC-1
23x25,TGAGTCTGCTGATGGT-1
23x26,TGAGTCTGCCGAGAAT-1
23x27,TGAGTCTGGCCGCAAC-1
23x28,TGAGTCTGTGAGTCTG-1
23x29,TGAGTCTGTGCGGACC-1
23x30,TGAGTCTGACGGAGGC-1
23x31,TGAGTCTGTAGATCTA-1
23x32,TGAGTCTGAATTAAGA-1
23x33,TGAGTCTGTTATTCAT-1
23x34,TGAGTCTGTGCCGGCA-1
23x35,TGAGTCTGTTACCGAG-1
23x36,TGAGTCTGATCATATT-1
23x37,TGAGTCTGTGGTCAGC-1
23x38,TGAGTCTGACTATGCA-1
23x39,TGAGTCTGCGACGCGA-1
23x40,TGAGTCTGGATACGGA-1
23x41,TGAGTCTGTTATCCGG-1
23x42,TGAGTCTGTCTGATAC-1
23x43,TGAGTCTGGAAGATCG-1
23x44,TGAGTCTGAAGAAGCT-1
23x45,TGAGTCTGTCCGGCCT-1
23x46,TGAGTCTGAGAGAAGG-1
23x47,TGAGTCTGCATACTCC-1
23x48,TGAGTCTGGCTAACTT-1
23x49,TGAGTCTGGGTATGCT-1
23x50,TGAGTCTGAACCTGCG-1
24x1,GCCGCAACATAAGGAG-1
24x2,GCCGCAACCGAACGCC-1
24x3,GCCGCAACGGCTGAGC-1
24x4,GCCGCAACCCGATTCC-1
24x5,GCCGCAACACCGCCAA-1
24x6,GCCGCAACCCAGTTCC-1
24x7,GCCGCAACACTTAACC-1
24x8,GCCGCAACCAACCGCT-1
24x9,GCCGCAACGACCTTGA-1
24x10,GCCGCAACTAGAGTAA-1
24x11,GCCGCAACGCAGGTCC-1
24x12,GCCGCAACTCGGCCTT-1
24x13,GCCGCAACAGAACGTC-1
24x14,GCCGCAACCTTGCGCC-1
24x15,GCCGCAACGGTACTGC-1
24x16,GCCGCAACTAGAATTA-1
24x17,GCCGCAACGCCATTCT-1
24x18,GCCGCAACTTGACTTC-1
24x19,GCCGCAACAGAGCTAT-1
24x20,GCCGCAACCTAAGAGA-1
24x21,GCCGCAACACTCAATA-1
24x22,GCCGCAACTCCTACCA-1
24x23,GCCGCAACGCGTTGGA-1
24x24,GCCGCAACGATCTTAC-1
24x25,GCCGCAACCTGATGGT-1
24x26,GCCGCAACCCGAGAAT-1
24x27,GCCGCAACGCCGCAAC-1
24x28,GCCGCAACTGAGTCTG-1
24x29,GCCGCAACTGCGGACC-1
24x30,GCCGCAACACGGAGGC-1
24x31,GCCGCAACTAGATCTA-1
24x32,GCCGCAACAATTAAGA-1
24x33,GCCGCAACTTATTCAT-1
24x34,GCCGCAACTGCCGGCA-1
24x35,GCCGCAACTTACCGAG-1
24x36,GCCGCAACATCATATT-1
24x37,GCCGCAACTGGTCAGC-1
24x38,GCCGCAACACTATGCA-1
24x39,GCCGCAACCGACGCGA-1
24x40,GCCGCAACGATACGGA-1
24x41,GCCGCAACTTATCCGG-1
24x42,GCCGCAACTCTGATAC-1
24x43,GCCGCAACGAAGATCG-1
24x44,GCCGCAACAAGAAGCT-1
24x45,GCCGCAACTCCGGCCT-1
24x46,GCCGCAACAGAGAAGG-1
24x47,GCCGCAACCATACTCC-1
24x48,GCCGCAACGCTAACTT-1
24x49,GCCGCAACGGTATGCT-1
24x50,GCCGCAACAACCTGCG-1
25x1,CCGAGAATATAAGGAG-1
25x2,CCGAGAATCGAACGCC-1
25x3,CCGAGAATGGCTGAGC-1
25x4,CCGAGAATCCGATTCC-1
25x5,CCGAGAATACCGCCAA-1
25x6,CCGAGAATCCAGTTCC-1
25x7,CCGAGAATACTTAACC-1
25x8,CCGAGAATCAACCGCT-1
25x9,CCGAGAATGACCTTGA-1
25x10,CCGAGAATTAGAGTAA-1
25x11,CCGAGAATGCAGGTCC-1
25x12,CCGAGAATTCGGCCTT-1
25x13,CCGAGAATAGAACGTC-1
25x14,CCGAGAATCTTGCGCC-1
25x15,CCGAGAATGGTACTGC-1
25x16,CCGAGAATTAGAATTA-1
25x17,CCGAGAATGCCATTCT-1
25x18,CCGAGAATTTGACTTC-1
25x19,CCGAGAATAGAGCTAT-1
25x20,CCGAGAATCTAAGAGA-1
25x21,CCGAGAATACTCAATA-1
25x22,CCGAGAATTCCTACCA-1
25x23,CCGAGAATGCGTTGGA-1
25x24,CCGAGAATGATCTTAC-1
25x25,CCGAGAATCTGATGGT-1
25x26,CCGAGAATCCGAGAAT-1
25x27,CCGAGAATGCCGCAAC-1
25x28,CCGAGAATTGAGTCTG-1
25x29,CCGAGAATTGCGGACC-1
25x30,CCGAGAATACGGAGGC-1
25x31,CCGAGAATTAGATCTA-1
25x32,CCGAGAATAATTAAGA-1
25x33,CCGAGAATTTATTCAT-1
25x34,CCGAGAATTGCCGGCA-1
25x35,CCGAGAATTTACCGAG-1
25x36,CCGAGAATATCATATT-1
25x37,CCGAGAATTGGTCAGC-1
25x38,CCGAGAATACTATGCA-1
25x39,CCGAGAATCGACGCGA-1
25x40,CCGAGAATGATACGGA-1
25x41,CCGAGAATTTATCCGG-1
25x42,CCGAGAATTCTGATAC-1
25x43,CCGAGAATGAAGATCG-1
25x44,CCGAGAATAAGAAGCT-1
25x45,CCGAGAATTCCGGCCT-1
25x46,CCGAGAATAGAGAAGG-1
25x47,CCGAGAATCATACTCC-1
25x48,CCGAGAATGCTAACTT-1
25x49,CCGAGAATGGTATGCT-1
25x50,CCGAGAATAACCTGCG-1
26x1,CTGATGGTATAAGGAG-1
26x2,CTGATGGTCGAACGCC-1
26x3,CTGATGGTGGCTGAGC-1
26x4,CTGATGGTCCGATTCC-1
26x5,CTGATGGTACCGCCAA-1
26x6,CTGATGGTCCAGTTCC-1
26x7,CTGATGGTACTTAACC-1
26x8,CTGATGGTCAACCGCT-1
26x9,CTGATGGTGACCTTGA-1
26x10,CTGATGGTTAGAGTAA-1
26x11,CTGATGGTGCAGGTCC-1
26x12,CTGATGGTTCGGCCTT-1
26x13,CTGATGGTAGAACGTC-1
26x14,CTGATGGTCTTGCGCC-1
26x15,CTGATGGTGGTACTGC-1
26x16,CTGATGGTTAGAATTA-1
26x17,CTGATGGTGCCATTCT-1
26x18,CTGATGGTTTGACTTC-1
26x19,CTGATGGTAGAGCTAT-1
26x20,CTGATGGTCTAAGAGA-1
26x21,CTGATGGTACTCAATA-1
26x22,CTGATGGTTCCTACCA-1
26x23,CTGATGGTGCGTTGGA-1
26x24,CTGATGGTGATCTTAC-1
26x25,CTGATGGTCTGATGGT-1
26x26,CTGATGGTCCGAGAAT-1
26x27,CTGATGGTGCCGCAAC-1
26x28,CTGATGGTTGAGTCTG-1
26x29,CTGATGGTTGCGGACC-1
26x30,CTGATGGTACGGAGGC-1
26x31,CTGATGGTTAGATCTA-1
26x32,CTGATGGTAATTAAGA-1
26x33,CTGATGGTTTATTCAT-1
26x34,CTGATGGTTGCCGGCA-1
26x35,CTGATGGTTTACCGAG-1
26x36,CTGATGGTATCATATT-1
26x37,CTGATGGTTGGTCAGC-1
26x38,CTGATGGTACTATGCA-1
26x39,CTGATGGTCGACGCGA-1
26x40,CTGATGGTGATACGGA-1
26x41,CTGATGGTTTATCCGG-1
26x42,CTGATGGTTCTGATAC-1
26x43,CTGATGGTGAAGATCG-1
26x44,CTGATGGTAAGAAGCT-1
26x45,CTGATGGTTCCGGCCT-1
26x46,CTGATGGTAGAGAAGG-1
26x47,CTGATGGTCATACTCC-1
26x48,CTGATGGTGCTAACTT-1
26x49,CTGATGGTGGTATGCT-1
26x50,CTGATGGTAACCTGCG-1
27x1,GATCTTACATAAGGAG-1
27x2,GATCTTACCGAACGCC-1
27x3,GATCTTACGGCTGAGC-1
27x4,GATCTTACCCGATTCC-1
27x5,GATCTTACACCGCCAA-1
27x6,GATCTTACCCAGTTCC-1
27x7,GATCTTACACTTAACC-1
27x8,GATCTTACCAACCGCT-1
27x9,GATCTTACGACCTTGA-1
27x10,GATCTTACTAGAGTAA-1
27x11,GATCTTACGCAGGTCC-1
27x12,GATCTTACTCGGCCTT-1
27x13,GATCTTACAGAACGTC-1
27x14,GATCTTACCTTGCGCC-1
27x15,GATCTTACGGTACTGC-1
27x16,GATCTTACTAGAATTA-1
27x17,GATCTTACGCCATTCT-1
27x18,GATCTTACTTGACTTC-1
27x19,GATCTTACAGAGCTAT-1
27x20,GATCTTACCTAAGAGA-1
27x21,GATCTTACACTCAATA-1
27x22,GATCTTACTCCTACCA-1
27x23,GATCTTACGCGTTGGA-1
27x24,GATCTTACGATCTTAC-1
27x25,GATCTTACCTGATGGT-1
27x26,GATCTTACCCGAGAAT-1
27x27,GATCTTACGCCGCAAC-1
27x28,GATCTTACTGAGTCTG-1
27x29,GATCTTACTGCGGACC-1
27x30,GATCTTACACGGAGGC-1
27x31,GATCTTACTAGATCTA-1
27x32,GATCTTACAATTAAGA-1
27x33,GATCTTACTTATTCAT-1
27x34,GATCTTACTGCCGGCA-1
27x35,GATCTTACTTACCGAG-1
27x36,GATCTTACATCATATT-1
27x37,GATCTTACTGGTCAGC-1
27x38,GATCTTACACTATGCA-1
27x39,GATCTTACCGACGCGA-1
27x40,GATCTTACGATACGGA-1
27x41,GATCTTACTTATCCGG-1
27x42,GATCTTACTCTGATAC-1
27x43,GATCTTACGAAGATCG-1
27x44,GATCTTACAAGAAGCT-1
27x45,GATCTTACTCCGGCCT-1
27x46,GATCTTACAGAGAAGG-1
27x47,GATCTTACCATACTCC-1
27x48,GATCTTACGCTAACTT-1
27x49,GATCTTACGGTATGCT-1
27x50,GATCTTACAACCTGCG-1
28x1,GCGTTGGAATAAGGAG-1
28x2,GCGTTGGACGAACGCC-1
28x3,GCGTTGGAGGCTGAGC-1
28x4,GCGTTGGACCGATTCC-1
28x5,GCGTTGGAACCGCCAA-1
28x6,GCGTTGGACCAGTTCC-1
28x7,GCGTTGGAACTTAACC-1
28x8,GCGTTGGACAACCGCT-1
28x9,GCGTTGGAGACCTTGA-1
28x10,GCGTTGGATAGAGTAA-1
28x11,GCGTTGGAGCAGGTCC-1
28x12,GCGTTGGATCGGCCTT-1
28x13,GCGTTGGAAGAACGTC-1
28x14,GCGTTGGACTTGCGCC-1
28x15,GCGTTGGAGGTACTGC-1
28x16,GCGTTGGATAGAATTA-1
28x17,GCGTTGGAGCCATTCT-1
28x18,GCGTTGGATTGACTTC-1
28x19,GCGTTGGAAGAGCTAT-1
28x20,GCGTTGGACTAAGAGA-1
28x21,GCGTTGGAACTCAATA-1
28x22,GCGTTGGATCCTACCA-1
28x23,GCGTTGGAGCGTTGGA-1
28x24,GCGTTGGAGATCTTAC-1
28x25,GCGTTGGACTGATGGT-1
28x26,GCGTTGGACCGAGAAT-1
28x27,GCGTTGGAGCCGCAAC-1
28x28,GCGTTGGATGAGTCTG-1
28x29,GCGTTGGATGCGGACC-1
28x30,GCGTTGGAACGGAGGC-1
28x31,GCGTTGGATAGATCTA-1
28x32,GCGTTGGAAATTAAGA-1
28x33,GCGTTGGATTATTCAT-1
28x34,GCGTTGGATGCCGGCA-1
28x35,GCGTTGGATTACCGAG-1
28x36,GCGTTGGAATCATATT-1
28x37,GCGTTGGATGGTCAGC-1
28x38,GCGTTGGAACTATGCA-1
28x39,GCGTTGGACGACGCGA-1
28x40,GCGTTGGAGATACGGA-1
28x41,GCGTTGGATTATCCGG-1
28x42,GCGTTGGATCTGATAC-1
28x43,GCGTTGGAGAAGATCG-1
28x44,GCGTTGGAAAGAAGCT-1
28x45,GCGTTGGATCCGGCCT-1
28x46,GCGTTGGAAGAGAAGG-1
28x47,GCGTTGGACATACTCC-1
28x48,GCGTTGGAGCTAACTT-1
28x49,GCGTTGGAGGTATGCT-1
28x50,GCGTTGGAAACCTGCG-1
29x1,TCCTACCAATAAGGAG-1
29x2,TCCTACCACGAACGCC-1
29x3,TCCTACCAGGCTGAGC-1
29x4,TCCTACCACCGATTCC-1
29x5,TCCTACCAACCGCCAA-1
29x6,TCCTACCACCAGTTCC-1
29x7,TCCTACCAACTTAACC-1
29x8,TCCTACCACAACCGCT-1
29x9,TCCTACCAGACCTTGA-1
29x10,TCCTACCATAGAGTAA-1
29x11,TCCTACCAGCAGGTCC-1
29x12,TCCTACCATCGGCCTT-1
29x13,TCCTACCAAGAACGTC-1
29x14,TCCTACCACTTGCGCC-1
29x15,TCCTACCAGGTACTGC-1
29x16,TCCTACCATAGAATTA-1
29x17,TCCTACCAGCCATTCT-1
29x18,TCCTACCATTGACTTC-1
29x19,TCCTACCAAGAGCTAT-1
29x20,TCCTACCACTAAGAGA-1
29x21,TCCTACCAACTCAATA-1
29x22,TCCTACCATCCTACCA-1
29x23,TCCTACCAGCGTTGGA-1
29x24,TCCTACCAGATCTTAC-1
29x25,TCCTACCACTGATGGT-1
29x26,TCCTACCACCGAGAAT-1
29x27,TCCTACCAGCCGCAAC-1
29x28,TCCTACCATGAGTCTG-1
29x29,TCCTACCATGCGGACC-1
29x30,TCCTACCAACGGAGGC-1
29x31,TCCTACCATAGATCTA-1
29x32,TCCTACCAAATTAAGA-1
29x33,TCCTACCATTATTCAT-1
29x34,TCCTACCATGCCGGCA-1
29x35,TCCTACCATTACCGAG-1
29x36,TCCTACCAATCATATT-1
29x37,TCCTACCATGGTCAGC-1
29x38,TCCTACCAACTATGCA-1
29x39,TCCTACCACGACGCGA-1
29x40,TCCTACCAGATACGGA-1
29x41,TCCTACCATTATCCGG-1
29x42,TCCTACCATCTGATAC-1
29x43,TCCTACCAGAAGATCG-1
29x44,TCCTACCAAAGAAGCT-1
29x45,TCCTACCATCCGGCCT-1
29x46,TCCTACCAAGAGAAGG-1
29x47,TCCTACCACATACTCC-1
29x48,TCCTACCAGCTAACTT-1
29x49,TCCTACCAGGTATGCT-1
29x50,TCCTACCAAACCTGCG-1
30x1,ACTCAATAATAAGGAG-1
30x2,ACTCAATACGAACGCC-1
30x3,ACTCAATAGGCTGAGC-1
30x4,ACTCAATACCGATTCC-1
30x5,ACTCAATAACCGCCAA-1
30x6,ACTCAATACCAGTTCC-1
30x7,ACTCAATAACTTAACC-1
30x8,ACTCAATACAACCGCT-1
30x9,ACTCAATAGACCTTGA-1
30x10,ACTCAATATAGAGTAA-1
30x11,ACTCAATAGCAGGTCC-1
30x12,ACTCAATATCGGCCTT-1
30x13,ACTCAATAAGAACGTC-1
30x14,ACTCAATACTTGCGCC-1
30x15,ACTCAATAGGTACTGC-1
30x16,ACTCAATATAGAATTA-1
30x17,ACTCAATAGCCATTCT-1
30x18,ACTCAATATTGACTTC-1
30x19,ACTCAATAAGAGCTAT-1
30x20,ACTCAATACTAAGAGA-1
30x21,ACTCAATAACTCAATA-1
30x22,ACTCAATATCCTACCA-1
30x23,ACTCAATAGCGTTGGA-1
30x24,ACTCAATAGATCTTAC-1
30x25,ACTCAATACTGATGGT-1
30x26,ACTCAATACCGAGAAT-1
30x27,ACTCAATAGCCGCAAC-1
30x28,ACTCAATATGAGTCTG-1
30x29,ACTCAATATGCGGACC-1
30x30,ACTCAATAACGGAGGC-1
30x31,ACTCAATATAGATCTA-1
30x32,ACTCAATAAATTAAGA-1
30x33,ACTCAATATTATTCAT-1
30x34,ACTCAATATGCCGGCA-1
30x35,ACTCAATATTACCGAG-1
30x36,ACTCAATAATCATATT-1
30x37,ACTCAATATGGTCAGC-1
30x38,ACTCAATAACTATGCA-1
30x39,ACTCAATACGACGCGA-1
30x40,ACTCAATAGATACGGA-1
30x41,ACTCAATATTATCCGG-1
30x42,ACTCAATATCTGATAC-1
30x43,ACTCAATAGAAGATCG-1
30x44,ACTCAATAAAGAAGCT-1
30x45,ACTCAATATCCGGCCT-1
30x46,ACTCAATAAGAGAAGG-1
30x47,ACTCAATACATACTCC-1
30x48,ACTCAATAGCTAACTT-1
30x49,ACTCAATAGGTATGCT-1
30x50,ACTCAATAAACCTGCG-1
31x1,CTAAGAGAATAAGGAG-1
31x2,CTAAGAGACGAACGCC-1
31x3,CTAAGAGAGGCTGAGC-1
31x4,CTAAGAGACCGATTCC-1
31x5,CTAAGAGAACCGCCAA-1
31x6,CTAAGAGACCAGTTCC-1
31x7,CTAAGAGAACTTAACC-1
31x8,CTAAGAGACAACCGCT-1
31x9,CTAAGAGAGACCTTGA-1
31x10,CTAAGAGATAGAGTAA-1
31x11,CTAAGAGAGCAGGTCC-1
31x12,CTAAGAGATCGGCCTT-1
31x13,CTAAGAGAAGAACGTC-1
31x14,CTAAGAGACTTGCGCC-1
31x15,CTAAGAGAGGTACTGC-1
31x16,CTAAGAGATAGAATTA-1
31x17,CTAAGAGAGCCATTCT-1
31x18,CTAAGAGATTGACTTC-1
31x19,CTAAGAGAAGAGCTAT-1
31x20,CTAAGAGACTAAGAGA-1
31x21,CTAAGAGAACTCAATA-1
31x22,CTAAGAGATCCTACCA-1
31x23,CTAAGAGAGCGTTGGA-1
31x24,CTAAGAGAGATCTTAC-1
31x25,CTAAGAGACTGATGGT-1
31x26,CTAAGAGACCGAGAAT-1
31x27,CTAAGAGAGCCGCAAC-1
31x28,CTAAGAGATGAGTCTG-1
31x29,CTAAGAGATGCGGACC-1
31x30,CTAAGAGAACGGAGGC-1
31x31,CTAAGAGATAGATCTA-1
31x32,CTAAGAGAAATTAAGA-1
31x33,CTAAGAGATTATTCAT-1
31x34,CTAAGAGATGCCGGCA-1
31x35,CTAAGAGATTACCGAG-1
31x36,CTAAGAGAATCATATT-1
31x37,CTAAGAGATGGTCAGC-1
31x38,CTAAGAGAACTATGCA-1
31x39,CTAAGAGACGACGCGA-1
31x40,CTAAGAGAGATACGGA-1
31x41,CTAAGAGATTATCCGG-1
31x42,CTAAGAGATCTGATAC-1
31x43,CTAAGAGAGAAGATCG-1
31x44,CTAAGAGAAAGAAGCT-1
31x45,CTAAGAGATCCGGCCT-1
31x46,CTAAGAGAAGAGAAGG-1
31x47,CTAAGAGACATACTCC-1
31x48,CTAAGAGAGCTAACTT-1
31x49,CTAAGAGAGGTATGCT-1
31x50,CTAAGAGAAACCTGCG-1
32x1,AGAGCTATATAAGGAG-1
32x2,AGAGCTATCGAACGCC-1
32x3,AGAGCTATGGCTGAGC-1
32x4,AGAGCTATCCGATTCC-1
32x5,AGAGCTATACCGCCAA-1
32x6,AGAGCTATCCAGTTCC-1
32x7,AGAGCTATACTTAACC-1
32x8,AGAGCTATCAACCGCT-1
32x9,AGAGCTATGACCTTGA-1
32x10,AGAGCTATTAGAGTAA-1
32x11,AGAGCTATGCAGGTCC-1
32x12,AGAGCTATTCGGCCTT-1
32x13,AGAGCTATAGAACGTC-1
32x14,AGAGCTATCTTGCGCC-1
32x15,AGAGCTATGGTACTGC-1
32x16,AGAGCTATTAGAATTA-1
32x17,AGAGCTATGCCATTCT-1
32x18,AGAGCTATTTGACTTC-1
32x19,AGAGCTATAGAGCTAT-1
32x20,AGAGCTATCTAAGAGA-1
32x21,AGAGCTATACTCAATA-1
32x22,AGAGCTATTCCTACCA-1
32x23,AGAGCTATGCGTTGGA-1
32x24,AGAGCTATGATCTTAC-1
32x25,AGAGCTATCTGATGGT-1
32x26,AGAGCTATCCGAGAAT-1
32x27,AGAGCTATGCCGCAAC-1
32x28,AGAGCTATTGAGTCTG-1
32x29,AGAGCTATTGCGGACC-1
32x30,AGAGCTATACGGAGGC-1
32x31,AGAGCTATTAGATCTA-1
32x32,AGAGCTATAATTAAGA-1
32x33,AGAGCTATTTATTCAT-1
32x34,AGAGCTATTGCCGGCA-1
32x35,AGAGCTATTTACCGAG-1
32x36,AGAGCTATATCATATT-1
32x37,AGAGCTATTGGTCAGC-1
32x38,AGAGCTATACTATGCA-1
32x39,AGAGCTATCGACGCGA-1
32x40,AGAGCTATGATACGGA-1
32x41,AGAGCTATTTATCCGG-1
32x42,AGAGCTATTCTGATAC-1
32x43,AGAGCTATGAAGATCG-1
32x44,AGAGCTATAAGAAGCT-1
32x45,AGAGCTATTCCGGCCT-1
32x46,AGAGCTATAGAGAAGG-1
32x47,AGAGCTATCATACTCC-1
32x48,AGAGCTATGCTAACTT-1
32x49,AGAGCTATGGTATGCT-1
32x50,AGAGCTATAACCTGCG-1
33x1,TTGACTTCATAAGGAG-1
33x2,TTGACTTCCGAACGCC-1
33x3,TTGACTTCGGCTGAGC-1
33x4,TTGACTTCCCGATTCC-1
33x5,TTGACTTCACCGCCAA-1
33x6,TTGACTTCCCAGTTCC-1
33x7,TTGACTTCACTTAACC-1
33x8,TTGACTTCCAACCGCT-1
33x9,TTGACTTCGACCTTGA-1
33x10,TTGACTTCTAGAGTAA-1
33x11,TTGACTTCGCAGGTCC-1
33x12,TTGACTTCTCGGCCTT-1
33x13,TTGACTTCAGAACGTC-1
33x14,TTGACTTCCTTGCGCC-1
33x15,TTGACTTCGGTACTGC-1
33x16,TTGACTTCTAGAATTA-1
33x17,TTGACTTCGCCATTCT-1
33x18,TTGACTTCTTGACTTC-1
33x19,TTGACTTCAGAGCTAT-1
33x20,TTGACTTCCTAAGAGA-1
33x21,TTGACTTCACTCAATA-1
33x22,TTGACTTCTCCTACCA-1
33x23,TTGACTTCGCGTTGGA-1
33x24,TTGACTTCGATCTTAC-1
33x25,TTGACTTCCTGATGGT-1
33x26,TTGACTTCCCGAGAAT-1
33x27,TTGACTTCGCCGCAAC-1
33x28,TTGACTTCTGAGTCTG-1
33x29,TTGACTTCTGCGGACC-1
33x30,TTGACTTCACGGAGGC-1
33x31,TTGACTTCTAGATCTA-1
33x32,TTGACTTCAATTAAGA-1
33x33,TTGACTTCTTATTCAT-1
33x34,TTGACTTCTGCCGGCA-1
33x35,TTGACTTCTTACCGAG-1
33x36,TTGACTTCATCATATT-1
33x37,TTGACTTCTGGTCAGC-1
33x38,TTGACTTCACTATGCA-1
33x39,TTGACTTCCGACGCGA-1
33x40,TTGACTTCGATACGGA-1
33x41,TTGACTTCTTATCCGG-1
33x42,TTGACTTCTCTGATAC-1
33x43,TTGACTTCGAAGATCG-1
33x44,TTGACTTCAAGAAGCT-1
33x45,TTGACTTCTCCGGCCT-1
33x46,TTGACTTCAGAGAAGG-1
33x47,TTGACTTCCATACTCC-1
33x48,TTGACTTCGCTAACTT-1
33x49,TTGACTTCGGTATGCT-1
33x50,TTGACTTCAACCTGCG-1
34x1,GCCATTCTATAAGGAG-1
34x2,GCCATTCTCGAACGCC-1
34x3,GCCATTCTGGCTGAGC-1
34x4,GCCATTCTCCGATTCC-1
34x5,GCCATTCTACCGCCAA-1
34x6,GCCATTCTCCAGTTCC-1
34x7,GCCATTCTACTTAACC-1
34x8,GCCATTCTCAACCGCT-1
34x9,GCCATTCTGACCTTGA-1
34x10,GCCATTCTTAGAGTAA-1
34x11,GCCATTCTGCAGGTCC-1
34x12,GCCATTCTTCGGCCTT-1
34x13,GCCATTCTAGAACGTC-1
34x14,GCCATTCTCTTGCGCC-1
34x15,GCCATTCTGGTACTGC-1
34x16,GCCATTCTTAGAATTA-1
34x17,GCCATTCTGCCATTCT-1
34x18,GCCATTCTTTGACTTC-1
34x19,GCCATTCTAGAGCTAT-1
34x20,GCCATTCTCTAAGAGA-1
34x21,GCCATTCTACTCAATA-1
34x22,GCCATTCTTCCTACCA-1
34x23,GCCATTCTGCGTTGGA-1
34x24,GCCATTCTGATCTTAC-1
34x25,GCCATTCTCTGATGGT-1
34x26,GCCATTCTCCGAGAAT-1
34x27,GCCATTCTGCCGCAAC-1
34x28,GCCATTCTTGAGTCTG-1
34x29,GCCATTCTTGCGGACC-1
34x30,GCCATTCTACGGAGGC-1
34x31,GCCATTCTTAGATCTA-1
34x32,GCCATTCTAATTAAGA-1
34x33,GCCATTCTTTATTCAT-1
34x34,GCCATTCTTGCCGGCA-1
34x35,GCCATTCTTTACCGAG-1
34x36,GCCATTCTATCATATT-1
34x37,GCCATTCTTGGTCAGC-1
34x38,GCCATTCTACTATGCA-1
34x39,GCCATTCTCGACGCGA-1
34x40,GCCATTCTGATACGGA-1
34x41,GCCATTCTTTATCCGG-1
34x42,GCCATTCTTCTGATAC-1
34x43,GCCATTCTGAAGATCG-1
34x44,GCCATTCTAAGAAGCT-1
34x45,GCCATTCTTCCGGCCT-1
34x46,GCCATTCTAGAGAAGG-1
34x47,GCCATTCTCATACTCC-1
34x48,GCCATTCTGCTAACTT-1
34x49,GCCATTCTGGTATGCT-1
34x50,GCCATTCTAACCTGCG-1
35x1,TAGAATTAATAAGGAG-1
35x2,TAGAATTACGAACGCC-1
35x3,TAGAATTAGGCTGAGC-1
35x4,TAGAATTACCGATTCC-1
35x5,TAGAATTAACCGCCAA-1
35x6,TAGAATTACCAGTTCC-1
35x7,TAGAATTAACTTAACC-1
35x8,TAGAATTACAACCGCT-1
35x9,TAGAATTAGACCTTGA-1
35x10,TAGAATTATAGAGTAA-1
35x11,TAGAATTAGCAGGTCC-1
35x12,TAGAATTATCGGCCTT-1
35x13,TAGAATTAAGAACGTC-1
35x14,TAGAATTACTTGCGCC-1
35x15,TAGAATTAGGTACTGC-1
35x16,TAGAATTATAGAATTA-1
35x17,TAGAATTAGCCATTCT-1
35x18,TAGAATTATTGACTTC-1
35x19,TAGAATTAAGAGCTAT-1
35x20,TAGAATTACTAAGAGA-1
35x21,TAGAATTAACTCAATA-1
35x22,TAGAATTATCCTACCA-1
35x23,TAGAATTAGCGTTGGA-1
35x24,TAGAATTAGATCTTAC-1
35x25,TAGAATTACTGATGGT-1
35x26,TAGAATTACCGAGAAT-1
35x27,TAGAATTAGCCGCAAC-1
35x28,TAGAATTATGAGTCTG-1
35x29,TAGAATTATGCGGACC-1
35x30,TAGAATTAACGGAGGC-1
35x31,TAGAATTATAGATCTA-1
35x32,TAGAATTAAATTAAGA-1
35x33,TAGAATTATTATTCAT-1
35x34,TAGAATTATGCCGGCA-1
35x35,TAGAATTATTACCGAG-1
35x36,TAGAATTAATCATATT-1
35x37,TAGAATTATGGTCAGC-1
35x38,TAGAATTAACTATGCA-1
35x39,TAGAATTACGACGCGA-1
35x40,TAGAATTAGATACGGA-1
35x41,TAGAATTATTATCCGG-1
35x42,TAGAATTATCTGATAC-1
35x43,TAGAATTAGAAGATCG-1
35x44,TAGAATTAAAGAAGCT-1
35x45,TAGAATTATCCGGCCT-1
35x46,TAGAATTAAGAGAAGG-1
35x47,TAGAATTACATACTCC-1
35x48,TAGAATTAGCTAACTT-1
35x49,TAGAATTAGGTATGCT-1
35x50,TAGAATTAAACCTGCG-1
36x1,GGTACTGCATAAGGAG-1
36x2,GGTACTGCCGAACGCC-1
36x3,GGTACTGCGGCTGAGC-1
36x4,GGTACTGCCCGATTCC-1
36x5,GGTACTGCACCGCCAA-1
36x6,GGTACTGCCCAGTTCC-1
36x7,GGTACTGCACTTAACC-1
36x8,GGTACTGCCAACCGCT-1
36x9,GGTACTGCGACCTTGA-1
36x10,GGTACTGCTAGAGTAA-1
36x11,GGTACTGCGCAGGTCC-1
36x12,GGTACTGCTCGGCCTT-1
36x13,GGTACTGCAGAACGTC-1
36x14,GGTACTGCCTTGCGCC-1
36x15,GGTACTGCGGTACTGC-1
36x16,GGTACTGCTAGAATTA-1
36x17,GGTACTGCGCCATTCT-1
36x18,GGTACTGCTTGACTTC-1
36x19,GGTACTGCAGAGCTAT-1
36x20,GGTACTGCCTAAGAGA-1
36x21,GGTACTGCACTCAATA-1
36x22,GGTACTGCTCCTACCA-1
36x23,GGTACTGCGCGTTGGA-1
36x24,GGTACTGCGATCTTAC-1
36x25,GGTACTGCCTGATGGT-1
36x26,GGTACTGCCCGAGAAT-1
36x27,GGTACTGCGCCGCAAC-1
36x28,GGTACTGCTGAGTCTG-1
36x29,GGTACTGCTGCGGACC-1
36x30,GGTACTGCACGGAGGC-1
36x31,GGTACTGCTAGATCTA-1
36x32,GGTACTGCAATTAAGA-1
36x33,GGTACTGCTTATTCAT-1
36x34,GGTACTGCTGCCGGCA-1
36x35,GGTACTGCTTACCGAG-1
36x36,GGTACTGCATCATATT-1
36x37,GGTACTGCTGGTCAGC-1
36x38,GGTACTGCACTATGCA-1
36x39,GGTACTGCCGACGCGA-1
36x40,GGTACTGCGATACGGA-1
36x41,GGTACTGCTTATCCGG-1
36x42,GGTACTGCTCTGATAC-1
36x43,GGTACTGCGAAGATCG-1
36x44,GGTACTGCAAGAAGCT-1
36x45,GGTACTGCTCCGGCCT-1
36x46,GGTACTGCAGAGAAGG-1
36x47,GGTACTGCCATACTCC-1
36x48,GGTACTGCGCTAACTT-1
36x49,GGTACTGCGGTATGCT-1
36x50,GGTACTGCAACCTGCG-1
37x1,CTTGCGCCATAAGGAG-1
37x2,CTTGCGCCCGAACGCC-1
37x3,CTTGCGCCGGCTGAGC-1
37x4,CTTGCGCCCCGATTCC-1
37x5,CTTGCGCCACCGCCAA-1
37x6,CTTGCGCCCCAGTTCC-1
37x7,CTTGCGCCACTTAACC-1
37x8,CTTGCGCCCAACCGCT-1
37x9,CTTGCGCCGACCTTGA-1
37x10,CTTGCGCCTAGAGTAA-1
37x11,CTTGCGCCGCAGGTCC-1
37x12,CTTGCGCCTCGGCCTT-1
37x13,CTTGCGCCAGAACGTC-1
37x14,CTTGCGCCCTTGCGCC-1
37x15,CTTGCGCCGGTACTGC-1
37x16,CTTGCGCCTAGAATTA-1
37x17,CTTGCGCCGCCATTCT-1
37x18,CTTGCGCCTTGACTTC-1
37x19,CTTGCGCCAGAGCTAT-1
37x20,CTTGCGCCCTAAGAGA-1
37x21,CTTGCGCCACTCAATA-1
37x22,CTTGCGCCTCCTACCA-1
37x23,CTTGCGCCGCGTTGGA-1
37x24,CTTGCGCCGATCTTAC-1
37x25,CTTGCGCCCTGATGGT-1
37x26,CTTGCGCCCCGAGAAT-1
37x27,CTTGCGCCGCCGCAAC-1
37x28,CTTGCGCCTGAGTCTG-1
37x29,CTTGCGCCTGCGGACC-1
37x30,CTTGCGCCACGGAGGC-1
37x31,CTTGCGCCTAGATCTA-1
37x32,CTTGCGCCAATTAAGA-1
37x33,CTTGCGCCTTATTCAT-1
37x34,CTTGCGCCTGCCGGCA-1
37x35,CTTGCGCCTTACCGAG-1
37x36,CTTGCGCCATCATATT-1
37x37,CTTGCGCCTGGTCAGC-1
37x38,CTTGCGCCACTATGCA-1
37x39,CTTGCGCCCGACGCGA-1
37x40,CTTGCGCCGATACGGA-1
37x41,CTTGCGCCTTATCCGG-1
37x42,CTTGCGCCTCTGATAC-1
37x43,CTTGCGCCGAAGATCG-1
37x44,CTTGCGCCAAGAAGCT-1
37x45,CTTGCGCCTCCGGCCT-1
37x46,CTTGCGCCAGAGAAGG-1
37x47,CTTGCGCCCATACTCC-1
37x48,CTTGCGCCGCTAACTT-1
37x49,CTTGCGCCGGTATGCT-1
37x50,CTTGCGCCAACCTGCG-1
38x1,AGAACGTCATAAGGAG-1
38x2,AGAACGTCCGAACGCC-1
38x3,AGAACGTCGGCTGAGC-1
38x4,AGAACGTCCCGATTCC-1
38x5,AGAACGTCACCGCCAA-1
38x6,AGAACGTCCCAGTTCC-1
38x7,AGAACGTCACTTAACC-1
38x8,AGAACGTCCAACCGCT-1
38x9,AGAACGTCGACCTTGA-1
38x10,AGAACGTCTAGAGTAA-1
38x11,AGAACGTCGCAGGTCC-1
38x12,AGAACGTCTCGGCCTT-1
38x13,AGAACGTCAGAACGTC-1
38x14,AGAACGTCCTTGCGCC-1
38x15,AGAACGTCGGTACTGC-1
38x16,AGAACGTCTAGAATTA-1
38x17,AGAACGTCGCCATTCT-1
38x18,AGAACGTCTTGACTTC-1
38x19,AGAACGTCAGAGCTAT-1
38x20,AGAACGTCCTAAGAGA-1
38x21,AGAACGTCACTCAATA-1
38x22,AGAACGTCTCCTACCA-1
38x23,AGAACGTCGCGTTGGA-1
38x24,AGAACGTCGATCTTAC-1
38x25,AGAACGTCCTGATGGT-1
38x26,AGAACGTCCCGAGAAT-1
38x27,AGAACGTCGCCGCAAC-1
38x28,AGAACGTCTGAGTCTG-1
38x29,AGAACGTCTGCGGACC-1
38x30,AGAACGTCACGGAGGC-1
38x31,AGAACGTCTAGATCTA-1
38x32,AGAACGTCAATTAAGA-1
38x33,AGAACGTCTTATTCAT-1
38x34,AGAACGTCTGCCGGCA-1
38x35,AGAACGTCTTACCGAG-1
38x36,AGAACGTCATCATATT-1
38x37,AGAACGTCTGGTCAGC-1
38x38,AGAACGTCACTATGCA-1
38x39,AGAACGTCCGACGCGA-1
38x40,AGAACGTCGATACGGA-1
38x41,AGAACGTCTTATCCGG-1
38x42,AGAACGTCTCTGATAC-1
38x43,AGAACGTCGAAGATCG-1
38x44,AGAACGTCAAGAAGCT-1
38x45,AGAACGTCTCCGGCCT-1
38x46,AGAACGTCAGAGAAGG-1
38x47,AGAACGTCCATACTCC-1
38x48,AGAACGTCGCTAACTT-1
38x49,AGAACGTCGGTATGCT-1
38x50,AGAACGTCAACCTGCG-1
39x1,TCGGCCTTATAAGGAG-1
39x2,TCGGCCTTCGAACGCC-1
39x3,TCGGCCTTGGCTGAGC-1
39x4,TCGGCCTTCCGATTCC-1
39x5,TCGGCCTTACCGCCAA-1
39x6,TCGGCCTTCCAGTTCC-1
39x7,TCGGCCTTACTTAACC-1
39x8,TCGGCCTTCAACCGCT-1
39x9,TCGGCCTTGACCTTGA-1
39x10,TCGGCCTTTAGAGTAA-1
39x11,TCGGCCTTGCAGGTCC-1
39x12,TCGGCCTTTCGGCCTT-1
39x13,TCGGCCTTAGAACGTC-1
39x14,TCGGCCTTCTTGCGCC-1
39x15,TCGGCCTTGGTACTGC-1
39x16,TCGGCCTTTAGAATTA-1
39x17,TCGGCCTTGCCATTCT-1
39x18,TCGGCCTTTTGACTTC-1
39x19,TCGGCCTTAGAGCTAT-1
39x20,TCGGCCTTCTAAGAGA-1
39x21,TCGGCCTTACTCAATA-1
39x22,TCGGCCTTTCCTACCA-1
39x23,TCGGCCTTGCGTTGGA-1
39x24,TCGGCCTTGATCTTAC-1
39x25,TCGGCCTTCTGATGGT-1
39x26,TCGGCCTTCCGAGAAT-1
39x27,TCGGCCTTGCCGCAAC-1
39x28,TCGGCCTTTGAGTCTG-1
39x29,TCGGCCTTTGCGGACC-1
39x30,TCGGCCTTACGGAGGC-1
39x31,TCGGCCTTTAGATCTA-1
39x32,TCGGCCTTAATTAAGA-1
39x33,TCGGCCTTTTATTCAT-1
39x34,TCGGCCTTTGCCGGCA-1
39x35,TCGGCCTTTTACCGAG-1
39x36,TCGGCCTTATCATATT-1
39x37,TCGGCCTTTGGTCAGC-1
39x38,TCGGCCTTACTATGCA-1
39x39,TCGGCCTTCGACGCGA-1
39x40,TCGGCCTTGATACGGA-1
39x41,TCGGCCTTTTATCCGG-1
39x42,TCGGCCTTTCTGATAC-1
39x43,TCGGCCTTGAAGATCG-1
39x44,TCGGCCTTAAGAAGCT-1
39x45,TCGGCCTTTCCGGCCT-1
39x46,TCGGCCTTAGAGAAGG-1
39x47,TCGGCCTTCATACTCC-1
39x48,TCGGCCTTGCTAACTT-1
39x49,TCGGCCTTGGTATGCT-1
39x50,TCGGCCTTAACCTGCG-1
40x1,GCAGGTCCATAAGGAG-1
40x2,GCAGGTCCCGAACGCC-1
40x3,GCAGGTCCGGCTGAGC-1
40x4,GCAGGTCCCCGATTCC-1
40x5,GCAGGTCCACCGCCAA-1
40x6,GCAGGTCCCCAGTTCC-1
40x7,GCAGGTCCACTTAACC-1
40x8,GCAGGTCCCAACCGCT-1
40x9,GCAGGTCCGACCTTGA-1
40x10,GCAGGTCCTAGAGTAA-1
40x11,GCAGGTCCGCAGGTCC-1
40x12,GCAGGTCCTCGGCCTT-1
40x13,GCAGGTCCAGAACGTC-1
40x14,GCAGGTCCCTTGCGCC-1
40x15,GCAGGTCCGGTACTGC-1
40x16,GCAGGTCCTAGAATTA-1
40x17,GCAGGTCCGCCATTCT-1
40x18,GCAGGTCCTTGACTTC-1
40x19,GCAGGTCCAGAGCTAT-1
40x20,GCAGGTCCCTAAGAGA-1
40x21,GCAGGTCCACTCAATA-1
40x22,GCAGGTCCTCCTACCA-1
40x23,GCAGGTCCGCGTTGGA-1
40x24,GCAGGTCCGATCTTAC-1
40x25,GCAGGTCCCTGATGGT-1
40x26,GCAGGTCCCCGAGAAT-1
40x27,GCAGGTCCGCCGCAAC-1
40x28,GCAGGTCCTGAGTCTG-1
40x29,GCAGGTCCTGCGGACC-1
40x30,GCAGGTCCACGGAGGC-1
40x31,GCAGGTCCTAGATCTA-1
40x32,GCAGGTCCAATTAAGA-1
40x33,GCAGGTCCTTATTCAT-1
40x34,GCAGGTCCTGCCGGCA-1
40x35,GCAGGTCCTTACCGAG-1
40x36,GCAGGTCCATCATATT-1
40x37,GCAGGTCCTGGTCAGC-1
40x38,GCAGGTCCACTATGCA-1
40x39,GCAGGTCCCGACGCGA-1
40x40,GCAGGTCCGATACGGA-1
40x41,GCAGGTCCTTATCCGG-1
40x42,GCAGGTCCTCTGATAC-1
40x43,GCAGGTCCGAAGATCG-1
40x44,GCAGGTCCAAGAAGCT-1
40x45,GCAGGTCCTCCGGCCT-1
40x46,GCAGGTCCAGAGAAGG-1
40x47,GCAGGTCCCATACTCC-1
40x48,GCAGGTCCGCTAACTT-1
40x49,GCAGGTCCGGTATGCT-1
40x50,GCAGGTCCAACCTGCG-1
41x1,TAGAGTAAATAAGGAG-1
41x2,TAGAGTAACGAACGCC-1
41x3,TAGAGTAAGGCTGAGC-1
41x4,TAGAGTAACCGATTCC-1
41x5,TAGAGTAAACCGCCAA-1
41x6,TAGAGTAACCAGTTCC-1
41x7,TAGAGTAAACTTAACC-1
41x8,TAGAGTAACAACCGCT-1
41x9,TAGAGTAAGACCTTGA-1
41x10,TAGAGTAATAGAGTAA-1
41x11,TAGAGTAAGCAGGTCC-1
41x12,TAGAGTAATCGGCCTT-1
41x13,TAGAGTAAAGAACGTC-1
41x14,TAGAGTAACTTGCGCC-1
41x15,TAGAGTAAGGTACTGC-1
41x16,TAGAGTAATAGAATTA-1
41x17,TAGAGTAAGCCATTCT-1
41x18,TAGAGTAATTGACTTC-1
41x19,TAGAGTAAAGAGCTAT-1
41x20,TAGAGTAACTAAGAGA-1
41x21,TAGAGTAAACTCAATA-1
41x22,TAGAGTAATCCTACCA-1
41x23,TAGAGTAAGCGTTGGA-1
41x24,TAGAGTAAGATCTTAC-1
41x25,TAGAGTAACTGATGGT-1
41x26,TAGAGTAACCGAGAAT-1
41x27,TAGAGTAAGCCGCAAC-1
41x28,TAGAGTAATGAGTCTG-1
41x29,TAGAGTAATGCGGACC-1
41x30,TAGAGTAAACGGAGGC-1
41x31,TAGAGTAATAGATCTA-1
41x32,TAGAGTAAAATTAAGA-1
41x33,TAGAGTAATTATTCAT-1
41x34,TAGAGTAATGCCGGCA-1
41x35,TAGAGTAATTACCGAG-1
41x36,TAGAGTAAATCATATT-1
41x37,TAGAGTAATGGTCAGC-1
41x38,TAGAGTAAACTATGCA-1
41x39,TAGAGTAACGACGCGA-1
41x40,TAGAGTAAGATACGGA-1
41x41,TAGAGTAATTATCCGG-1
41x42,TAGAGTAATCTGATAC-1
41x43,TAGAGTAAGAAGATCG-1
41x44,TAGAGTAAAAGAAGCT-1
41x45,TAGAGTAATCCGGCCT-1
41x46,TAGAGTAAAGAGAAGG-1
41x47,TAGAGTAACATACTCC-1
41x48,TAGAGTAAGCTAACTT-1
41x49,TAGAGTAAGGTATGCT-1
41x50,TAGAGTAAAACCTGCG-1
42x1,GACCTTGAATAAGGAG-1
42x2,GACCTTGACGAACGCC-1
42x3,GACCTTGAGGCTGAGC-1
42x4,GACCTTGACCGATTCC-1
42x5,GACCTTGAACCGCCAA-1
42x6,GACCTTGACCAGTTCC-1
42x7,GACCTTGAACTTAACC-1
42x8,GACCTTGACAACCGCT-1
42x9,GACCTTGAGACCTTGA-1
42x10,GACCTTGATAGAGTAA-1
42x11,GACCTTGAGCAGGTCC-1
42x12,GACCTTGATCGGCCTT-1
42x13,GACCTTGAAGAACGTC-1
42x14,GACCTTGACTTGCGCC-1
42x15,GACCTTGAGGTACTGC-1
42x16,GACCTTGATAGAATTA-1
42x17,GACCTTGAGCCATTCT-1
42x18,GACCTTGATTGACTTC-1
42x19,GACCTTGAAGAGCTAT-1
42x20,GACCTTGACTAAGAGA-1
42x21,GACCTTGAACTCAATA-1
42x22,GACCTTGATCCTACCA-1
42x23,GACCTTGAGCGTTGGA-1
42x24,GACCTTGAGATCTTAC-1
42x25,GACCTTGACTGATGGT-1
42x26,GACCTTGACCGAGAAT-1
42x27,GACCTTGAGCCGCAAC-1
42x28,GACCTTGATGAGTCTG-1
42x29,GACCTTGATGCGGACC-1
42x30,GACCTTGAACGGAGGC-1
42x31,GACCTTGATAGATCTA-1
42x32,GACCTTGAAATTAAGA-1
42x33,GACCTTGATTATTCAT-1
42x34,GACCTTGATGCCGGCA-1
42x35,GACCTTGATTACCGAG-1
42x36,GACCTTGAATCATATT-1
42x37,GACCTTGATGGTCAGC-1
42x38,GACCTTGAACTATGCA-1
42x39,GACCTTGACGACGCGA-1
42x40,GACCTTGAGATACGGA-1
42x41,GACCTTGATTATCCGG-1
42x42,GACCTTGATCTGATAC-1
42x43,GACCTTGAGAAGATCG-1
42x44,GACCTTGAAAGAAGCT-1
42x45,GACCTTGATCCGGCCT-1
42x46,GACCTTGAAGAGAAGG-1
42x47,GACCTTGACATACTCC-1
42x48,GACCTTGAGCTAACTT-1
42x49,GACCTTGAGGTATGCT-1
42x50,GACCTTGAAACCTGCG-1
43x1,CAACCGCTATAAGGAG-1
43x2,CAACCGCTCGAACGCC-1
43x3,CAACCGCTGGCTGAGC-1
43x4,CAACCGCTCCGATTCC-1
43x5,CAACCGCTACCGCCAA-1
43x6,CAACCGCTCCAGTTCC-1
43x7,CAACCGCTACTTAACC-1
43x8,CAACCGCTCAACCGCT-1
43x9,CAACCGCTGACCTTGA-1
43x10,CAACCGCTTAGAGTAA-1
43x11,CAACCGCTGCAGGTCC-1
43x12,CAACCGCTTCGGCCTT-1
43x13,CAACCGCTAGAACGTC-1
43x14,CAACCGCTCTTGCGCC-1
43x15,CAACCGCTGGTACTGC-1
43x16,CAACCGCTTAGAATTA-1
43x17,CAACCGCTGCCATTCT-1
43x18,CAACCGCTTTGACTTC-1
43x19,CAACCGCTAGAGCTAT-1
43x20,CAACCGCTCTAAGAGA-1
43x21,CAACCGCTACTCAATA-1
43x22,CAACCGCTTCCTACCA-1
43x23,CAACCGCTGCGTTGGA-1
43x24,CAACCGCTGATCTTAC-1
43x25,CAACCGCTCTGATGGT-1
43x26,CAACCGCTCCGAGAAT-1
43x27,CAACCGCTGCCGCAAC-1
43x28,CAACCGCTTGAGTCTG-1
43x29,CAACCGCTTGCGGACC-1
43x30,CAACCGCTACGGAGGC-1
43x31,CAACCGCTTAGATCTA-1
43x32,CAACCGCTAATTAAGA-1
43x33,CAACCGCTTTATTCAT-1
43x34,CAACCGCTTGCCGGCA-1
43x35,CAACCGCTTTACCGAG-1
43x36,CAACCGCTATCATATT-1
43x37,CAACCGCTTGGTCAGC-1
43x38,CAACCGCTACTATGCA-1
43x39,CAACCGCTCGACGCGA-1
43x40,CAACCGCTGATACGGA-1
43x41,CAACCGCTTTATCCGG-1
43x42,CAACCGCTTCTGATAC-1
43x43,CAACCGCTGAAGATCG-1
43x44,CAACCGCTAAGAAGCT-1
43x45,CAACCGCTTCCGGCCT-1
43x46,CAACCGCTAGAGAAGG-1
43x47,CAACCGCTCATACTCC-1
43x48,CAACCGCTGCTAACTT-1
43x49,CAACCGCTGGTATGCT-1
43x50,CAACCGCTAACCTGCG-1
44x1,ACTTAACCATAAGGAG-1
44x2,ACTTAACCCGAACGCC-1
44x3,ACTTAACCGGCTGAGC-1
44x4,ACTTAACCCCGATTCC-1
44x5,ACTTAACCACCGCCAA-1
44x6,ACTTAACCCCAGTTCC-1
44x7,ACTTAACCACTTAACC-1
44x8,ACTTAACCCAACCGCT-1
44x9,ACTTAACCGACCTTGA-1
44x10,ACTTAACCTAGAGTAA-1
44x11,ACTTAACCGCAGGTCC-1
44x12,ACTTAACCTCGGCCTT-1
44x13,ACTTAACCAGAACGTC-1
44x14,ACTTAACCCTTGCGCC-1
44x15,ACTTAACCGGTACTGC-1
44x16,ACTTAACCTAGAATTA-1
44x17,ACTTAACCGCCATTCT-1
44x18,ACTTAACCTTGACTTC-1
44x19,ACTTAACCAGAGCTAT-1
44x20,ACTTAACCCTAAGAGA-1
44x21,ACTTAACCACTCAATA-1
44x22,ACTTAACCTCCTACCA-1
44x23,ACTTAACCGCGTTGGA-1
44x24,ACTTAACCGATCTTAC-1
44x25,ACTTAACCCTGATGGT-1
44x26,ACTTAACCCCGAGAAT-1
44x27,ACTTAACCGCCGCAAC-1
44x28,ACTTAACCTGAGTCTG-1
44x29,ACTTAACCTGCGGACC-1
44x30,ACTTAACCACGGAGGC-1
44x31,ACTTAACCTAGATCTA-1
44x32,ACTTAACCAATTAAGA-1
44x33,ACTTAACCTTATTCAT-1
44x34,ACTTAACCTGCCGGCA-1
44x35,ACTTAACCTTACCGAG-1
44x36,ACTTAACCATCATATT-1
44x37,ACTTAACCTGGTCAGC-1
44x38,ACTTAACCACTATGCA-1
44x39,ACTTAACCCGACGCGA-1
44x40,ACTTAACCGATACGGA-1
44x41,ACTTAACCTTATCCGG-1
44x42,ACTTAACCTCTGATAC-1
44x43,ACTTAACCGAAGATCG-1
44x44,ACTTAACCAAGAAGCT-1
44x45,ACTTAACCTCCGGCCT-1
44x46,ACTTAACCAGAGAAGG-1
44x47,ACTTAACCCATACTCC-1
44x48,ACTTAACCGCTAACTT-1
44x49,ACTTAACCGGTATGCT-1
44x50,ACTTAACCAACCTGCG-1
45x1,CCAGTTCCATAAGGAG-1
45x2,CCAGTTCCCGAACGCC-1
45x3,CCAGTTCCGGCTGAGC-1
45x4,CCAGTTCCCCGATTCC-1
45x5,CCAGTTCCACCGCCAA-1
45x6,CCAGTTCCCCAGTTCC-1
45x7,CCAGTTCCACTTAACC-1
45x8,CCAGTTCCCAACCGCT-1
45x9,CCAGTTCCGACCTTGA-1
45x10,CCAGTTCCTAGAGTAA-1
45x11,CCAGTTCCGCAGGTCC-1
45x12,CCAGTTCCTCGGCCTT-1
45x13,CCAGTTCCAGAACGTC-1
45x14,CCAGTTCCCTTGCGCC-1
45x15,CCAGTTCCGGTACTGC-1
45x16,CCAGTTCCTAGAATTA-1
45x17,CCAGTTCCGCCATTCT-1
45x18,CCAGTTCCTTGACTTC-1
45x19,CCAGTTCCAGAGCTAT-1
45x20,CCAGTTCCCTAAGAGA-1
45x21,CCAGTTCCACTCAATA-1
45x22,CCAGTTCCTCCTACCA-1
45x23,CCAGTTCCGCGTTGGA-1
45x24,CCAGTTCCGATCTTAC-1
45x25,CCAGTTCCCTGATGGT-1
45x26,CCAGTTCCCCGAGAAT-1
45x27,CCAGTTCCGCCGCAAC-1
45x28,CCAGTTCCTGAGTCTG-1
45x29,CCAGTTCCTGCGGACC-1
45x30,CCAGTTCCACGGAGGC-1
45x31,CCAGTTCCTAGATCTA-1
45x32,CCAGTTCCAATTAAGA-1
45x33,CCAGTTCCTTATTCAT-1
45x34,CCAGTTCCTGCCGGCA-1
45x35,CCAGTTCCTTACCGAG-1
45x36,CCAGTTCCATCATATT-1
45x37,CCAGTTCCTGGTCAGC-1
45x38,CCAGTTCCACTATGCA-1
45x39,CCAGTTCCCGACGCGA-1
45x40,CCAGTTCCGATACGGA-1
45x41,CCAGTTCCTTATCCGG-1
45x42,CCAGTTCCTCTGATAC-1
45x43,CCAGTTCCGAAGATCG-1
45x44,CCAGTTCCAAGAAGCT-1
45x45,CCAGTTCCTCCGGCCT-1
45x46,CCAGTTCCAGAGAAGG-1
45x47,CCAGTTCCCATACTCC-1
45x48,CCAGTTCCGCTAACTT-1
45x49,CCAGTTCCGGTATGCT-1
45x50,CCAGTTCCAACCTGCG-1
46x1,ACCGCCAAATAAGGAG-1
46x2,ACCGCCAACGAACGCC-1
46x3,ACCGCCAAGGCTGAGC-1
46x4,ACCGCCAACCGATTCC-1
46x5,ACCGCCAAACCGCCAA-1
46x6,ACCGCCAACCAGTTCC-1
46x7,ACCGCCAAACTTAACC-1
46x8,ACCGCCAACAACCGCT-1
46x9,ACCGCCAAGACCTTGA-1
46x10,ACCGCCAATAGAGTAA-1
46x11,ACCGCCAAGCAGGTCC-1
46x12,ACCGCCAATCGGCCTT-1
46x13,ACCGCCAAAGAACGTC-1
46x14,ACCGCCAACTTGCGCC-1
46x15,ACCGCCAAGGTACTGC-1
46x16,ACCGCCAATAGAATTA-1
46x17,ACCGCCAAGCCATTCT-1
46x18,ACCGCCAATTGACTTC-1
46x19,ACCGCCAAAGAGCTAT-1
46x20,ACCGCCAACTAAGAGA-1
46x21,ACCGCCAAACTCAATA-1
46x22,ACCGCCAATCCTACCA-1
46x23,ACCGCCAAGCGTTGGA-1
46x24,ACCGCCAAGATCTTAC-1
46x25,ACCGCCAACTGATGGT-1
46x26,ACCGCCAACCGAGAAT-1
46x27,ACCGCCAAGCCGCAAC-1
46x28,ACCGCCAATGAGTCTG-1
46x29,ACCGCCAATGCGGACC-1
46x30,ACCGCCAAACGGAGGC-1
46x31,ACCGCCAATAGATCTA-1
46x32,ACCGCCAAAATTAAGA-1
46x33,ACCGCCAATTATTCAT-1
46x34,ACCGCCAATGCCGGCA-1
46x35,ACCGCCAATTACCGAG-1
46x36,ACCGCCAAATCATATT-1
46x37,ACCGCCAATGGTCAGC-1
46x38,ACCGCCAAACTATGCA-1
46x39,ACCGCCAACGACGCGA-1
46x40,ACCGCCAAGATACGGA-1
46x41,ACCGCCAATTATCCGG-1
46x42,ACCGCCAATCTGATAC-1
46x43,ACCGCCAAGAAGATCG-1
46x44,ACCGCCAAAAGAAGCT-1
46x45,ACCGCCAATCCGGCCT-1
46x46,ACCGCCAAAGAGAAGG-1
46x47,ACCGCCAACATACTCC-1
46x48,ACCGCCAAGCTAACTT-1
46x49,ACCGCCAAGGTATGCT-1
46x50,ACCGCCAAAACCTGCG-1
47x1,CCGATTCCATAAGGAG-1
47x2,CCGATTCCCGAACGCC-1
47x3,CCGATTCCGGCTGAGC-1
47x4,CCGATTCCCCGATTCC-1
47x5,CCGATTCCACCGCCAA-1
47x6,CCGATTCCCCAGTTCC-1
47x7,CCGATTCCACTTAACC-1
47x8,CCGATTCCCAACCGCT-1
47x9,CCGATTCCGACCTTGA-1
47x10,CCGATTCCTAGAGTAA-1
47x11,CCGATTCCGCAGGTCC-1
47x12,CCGATTCCTCGGCCTT-1
47x13,CCGATTCCAGAACGTC-1
47x14,CCGATTCCCTTGCGCC-1
47x15,CCGATTCCGGTACTGC-1
47x16,CCGATTCCTAGAATTA-1
47x17,CCGATTCCGCCATTCT-1
47x18,CCGATTCCTTGACTTC-1
47x19,CCGATTCCAGAGCTAT-1
47x20,CCGATTCCCTAAGAGA-1
47x21,CCGATTCCACTCAATA-1
47x22,CCGATTCCTCCTACCA-1
47x23,CCGATTCCGCGTTGGA-1
47x24,CCGATTCCGATCTTAC-1
47x25,CCGATTCCCTGATGGT-1
47x26,CCGATTCCCCGAGAAT-1
47x27,CCGATTCCGCCGCAAC-1
47x28,CCGATTCCTGAGTCTG-1
47x29,CCGATTCCTGCGGACC-1
47x30,CCGATTCCACGGAGGC-1
47x31,CCGATTCCTAGATCTA-1
47x32,CCGATTCCAATTAAGA-1
47x33,CCGATTCCTTATTCAT-1
47x34,CCGATTCCTGCCGGCA-1
47x35,CCGATTCCTTACCGAG-1
47x36,CCGATTCCATCATATT-1
47x37,CCGATTCCTGGTCAGC-1
47x38,CCGATTCCACTATGCA-1
47x39,CCGATTCCCGACGCGA-1
47x40,CCGATTCCGATACGGA-1
47x41,CCGATTCCTTATCCGG-1
47x42,CCGATTCCTCTGATAC-1
47x43,CCGATTCCGAAGATCG-1
47x44,CCGATTCCAAGAAGCT-1
47x45,CCGATTCCTCCGGCCT-1
47x46,CCGATTCCAGAGAAGG-1
47x47,CCGATTCCCATACTCC-1
47x48,CCGATTCCGCTAACTT-1
47x49,CCGATTCCGGTATGCT-1
47x50,CCGATTCCAACCTGCG-1
48x1,GGCTGAGCATAAGGAG-1
48x2,GGCTGAGCCGAACGCC-1
48x3,GGCTGAGCGGCTGAGC-1
48x4,GGCTGAGCCCGATTCC-1
48x5,GGCTGAGCACCGCCAA-1
48x6,GGCTGAGCCCAGTTCC-1
48x7,GGCTGAGCACTTAACC-1
48x8,GGCTGAGCCAACCGCT-1
48x9,GGCTGAGCGACCTTGA-1
48x10,GGCTGAGCTAGAGTAA-1
48x11,GGCTGAGCGCAGGTCC-1
48x12,GGCTGAGCTCGGCCTT-1
48x13,GGCTGAGCAGAACGTC-1
48x14,GGCTGAGCCTTGCGCC-1
48x15,GGCTGAGCGGTACTGC-1
48x16,GGCTGAGCTAGAATTA-1
48x17,GGCTGAGCGCCATTCT-1
48x18,GGCTGAGCTTGACTTC-1
48x19,GGCTGAGCAGAGCTAT-1
48x20,GGCTGAGCCTAAGAGA-1
48x21,GGCTGAGCACTCAATA-1
48x22,GGCTGAGCTCCTACCA-1
48x23,GGCTGAGCGCGTTGGA-1
48x24,GGCTGAGCGATCTTAC-1
48x25,GGCTGAGCCTGATGGT-1
48x26,GGCTGAGCCCGAGAAT-1
48x27,GGCTGAGCGCCGCAAC-1
48x28,GGCTGAGCTGAGTCTG-1
48x29,GGCTGAGCTGCGGACC-1
48x30,GGCTGAGCACGGAGGC-1
48x31,GGCTGAGCTAGATCTA-1
48x32,GGCTGAGCAATTAAGA-1
48x33,GGCTGAGCTTATTCAT-1
48x34,GGCTGAGCTGCCGGCA-1
48x35,GGCTGAGCTTACCGAG-1
48x36,GGCTGAGCATCATATT-1
48x37,GGCTGAGCTGGTCAGC-1
48x38,GGCTGAGCACTATGCA-1
48x39,GGCTGAGCCGACGCGA-1
48x40,GGCTGAGCGATACGGA-1
48x41,GGCTGAGCTTATCCGG-1
48x42,GGCTGAGCTCTGATAC-1
48x43,GGCTGAGCGAAGATCG-1
48x44,GGCTGAGCAAGAAGCT-1
48x45,GGCTGAGCTCCGGCCT-1
48x46,GGCTGAGCAGAGAAGG-1
48x47,GGCTGAGCCATACTCC-1
48x48,GGCTGAGCGCTAACTT-1
48x49,GGCTGAGCGGTATGCT-1
48x50,GGCTGAGCAACCTGCG-1
49x1,CGAACGCCATAAGGAG-1
49x2,CGAACGCCCGAACGCC-1
49x3,CGAACGCCGGCTGAGC-1
49x4,CGAACGCCCCGATTCC-1
49x5,CGAACGCCACCGCCAA-1
49x6,CGAACGCCCCAGTTCC-1
49x7,CGAACGCCACTTAACC-1
49x8,CGAACGCCCAACCGCT-1
49x9,CGAACGCCGACCTTGA-1
49x10,CGAACGCCTAGAGTAA-1
49x11,CGAACGCCGCAGGTCC-1
49x12,CGAACGCCTCGGCCTT-1
49x13,CGAACGCCAGAACGTC-1
49x14,CGAACGCCCTTGCGCC-1
49x15,CGAACGCCGGTACTGC-1
49x16,CGAACGCCTAGAATTA-1
49x17,CGAACGCCGCCATTCT-1
49x18,CGAACGCCTTGACTTC-1
49x19,CGAACGCCAGAGCTAT-1
49x20,CGAACGCCCTAAGAGA-1
49x21,CGAACGCCACTCAATA-1
49x22,CGAACGCCTCCTACCA-1
49x23,CGAACGCCGCGTTGGA-1
49x24,CGAACGCCGATCTTAC-1
49x25,CGAACGCCCTGATGGT-1
49x26,CGAACGCCCCGAGAAT-1
49x27,CGAACGCCGCCGCAAC-1
49x28,CGAACGCCTGAGTCTG-1
49x29,CGAACGCCTGCGGACC-1
49x30,CGAACGCCACGGAGGC-1
49x31,CGAACGCCTAGATCTA-1
49x32,CGAACGCCAATTAAGA-1
49x33,CGAACGCCTTATTCAT-1
49x34,CGAACGCCTGCCGGCA-1
49x35,CGAACGCCTTACCGAG-1
49x36,CGAACGCCATCATATT-1
49x37,CGAACGCCTGGTCAGC-1
49x38,CGAACGCCACTATGCA-1
49x39,CGAACGCCCGACGCGA-1
49x40,CGAACGCCGATACGGA-1
49x41,CGAACGCCTTATCCGG-1
49x42,CGAACGCCTCTGATAC-1
49x43,CGAACGCCGAAGATCG-1
49x44,CGAACGCCAAGAAGCT-1
49x45,CGAACGCCTCCGGCCT-1
49x46,CGAACGCCAGAGAAGG-1
49x47,CGAACGCCCATACTCC-1
49x48,CGAACGCCGCTAACTT-1
49x49,CGAACGCCGGTATGCT-1
49x50,CGAACGCCAACCTGCG-1
50x1,ATAAGGAGATAAGGAG-1
50x2,ATAAGGAGCGAACGCC-1
50x3,ATAAGGAGGGCTGAGC-1
50x4,ATAAGGAGCCGATTCC-1
50x5,ATAAGGAGACCGCCAA-1
50x6,ATAAGGAGCCAGTTCC-1
50x7,ATAAGGAGACTTAACC-1
50x8,ATAAGGAGCAACCGCT-1
50x9,ATAAGGAGGACCTTGA-1
50x10,ATAAGGAGTAGAGTAA-1
50x11,ATAAGGAGGCAGGTCC-1
50x12,ATAAGGAGTCGGCCTT-1
50x13,ATAAGGAGAGAACGTC-1
50x14,ATAAGGAGCTTGCGCC-1
50x15,ATAAGGAGGGTACTGC-1
50x16,ATAAGGAGTAGAATTA-1
50x17,ATAAGGAGGCCATTCT-1
50x18,ATAAGGAGTTGACTTC-1
50x19,ATAAGGAGAGAGCTAT-1
50x20,ATAAGGAGCTAAGAGA-1
50x21,ATAAGGAGACTCAATA-1
50x22,ATAAGGAGTCCTACCA-1
50x23,ATAAGGAGGCGTTGGA-1
50x24,ATAAGGAGGATCTTAC-1
50x25,ATAAGGAGCTGATGGT-1
50x26,ATAAGGAGCCGAGAAT-1
50x27,ATAAGGAGGCCGCAAC-1
50x28,ATAAGGAGTGAGTCTG-1
50x29,ATAAGGAGTGCGGACC-1
50x30,ATAAGGAGACGGAGGC-1
50x31,ATAAGGAGTAGATCTA-1
50x32,ATAAGGAGAATTAAGA-1
50x33,ATAAGGAGTTATTCAT-1
50x34,ATAAGGAGTGCCGGCA-1
50x35,ATAAGGAGTTACCGAG-1
50x36,ATAAGGAGATCATATT-1
50x37,ATAAGGAGTGGTCAGC-1
50x38,ATAAGGAGACTATGCA-1
50x39,ATAAGGAGCGACGCGA-1
50x40,ATAAGGAGGATACGGA-1
50x41,ATAAGGAGTTATCCGG-1
50x42,ATAAGGAGTCTGATAC-1
50x43,ATAAGGAGGAAGATCG-1
50x44,ATAAGGAGAAGAAGCT-1
50x45,ATAAGGAGTCCGGCCT-1
50x46,ATAAGGAGAGAGAAGG-1
50x47,ATAAGGAGCATACTCC-1
50x48,ATAAGGAGGCTAACTT-1
50x49,ATAAGGAGGGTATGCT-1
50x50,ATAAGGAGAACCTGCG-1
